machine_number,machine_type,category,manufacturer,introduction_date,popular_rank
1,アイムジャグラーEX,A-Type,北電子,2024-01-01,1
2,アイムジャグラーEX,A-Type,北電子,2024-01-01,1
3,アイムジャグラーEX,A-Type,北電子,2024-01-01,1
4,アイムジャグラーEX,A-Type,北電子,2024-01-01,1
5,アイムジャグラーEX,A-Type,北電子,2024-01-01,1
6,アイムジャグラーEX,A-Type,北電子,2024-01-01,1
7,アイムジャグラーEX,A-Type,北電子,2024-01-01,1
8,アイムジャグラーEX,A-Type,北電子,2024-01-01,1
9,アイムジャグラーEX,A-Type,北電子,2024-01-01,1
10,アイムジャグラーEX,A-Type,北電子,2024-01-01,1
11,マイジャグラーV,A-Type,北電子,2024-01-01,2
12,マイジャグラーV,A-Type,北電子,2024-01-01,2
13,マイジャグラーV,A-Type,北電子,2024-01-01,2
14,マイジャグラーV,A-Type,北電子,2024-01-01,2
15,マイジャグラーV,A-Type,北電子,2024-01-01,2
16,マイジャグラーV,A-Type,北電子,2024-01-01,2
17,マイジャグラーV,A-Type,北電子,2024-01-01,2
18,マイジャグラーV,A-Type,北電子,2024-01-01,2
19,マイジャグラーV,A-Type,北電子,2024-01-01,2
20,マイジャグラーV,A-Type,北電子,2024-01-01,2
21,ファンキージャグラー2,A-Type,北電子,2024-01-01,3
22,ファンキージャグラー2,A-Type,北電子,2024-01-01,3
23,ファンキージャグラー2,A-Type,北電子,2024-01-01,3
24,ファンキージャグラー2,A-Type,北電子,2024-01-01,3
25,ファンキージャグラー2,A-Type,北電子,2024-01-01,3
26,ファンキージャグラー2,A-Type,北電子,2024-01-01,3
27,ファンキージャグラー2,A-Type,北電子,2024-01-01,3
28,ファンキージャグラー2,A-Type,北電子,2024-01-01,3
29,ファンキージャグラー2,A-Type,北電子,2024-01-01,3
30,ファンキージャグラー2,A-Type,北電子,2024-01-01,3
31,ゴーゴージャグラー3,A-Type,北電子,2024-01-01,4
32,ゴーゴージャグラー3,A-Type,北電子,2024-01-01,4
33,ゴーゴージャグラー3,A-Type,北電子,2024-01-01,4
34,ゴーゴージャグラー3,A-Type,北電子,2024-01-01,4
35,ゴーゴージャグラー3,A-Type,北電子,2024-01-01,4
36,ゴーゴージャグラー3,A-Type,北電子,2024-01-01,4
37,ゴーゴージャグラー3,A-Type,北電子,2024-01-01,4
38,ゴーゴージャグラー3,A-Type,北電子,2024-01-01,4
39,ゴーゴージャグラー3,A-Type,北電子,2024-01-01,4
40,ゴーゴージャグラー3,A-Type,北電子,2024-01-01,4
41,ハッピージャグラーVIII,A-Type,北電子,2024-01-01,5
42,ハッピージャグラーVIII,A-Type,北電子,2024-01-01,5
43,ハッピージャグラーVIII,A-Type,北電子,2024-01-01,5
44,ハッピージャグラーVIII,A-Type,北電子,2024-01-01,5
45,ハッピージャグラーVIII,A-Type,北電子,2024-01-01,5
46,ハッピージャグラーVIII,A-Type,北電子,2024-01-01,5
47,ハッピージャグラーVIII,A-Type,北電子,2024-01-01,5
48,ハッピージャグラーVIII,A-Type,北電子,2024-01-01,5
49,ハッピージャグラーVIII,A-Type,北電子,2024-01-01,5
50,ハッピージャグラーVIII,A-Type,北電子,2024-01-01,5
51,ジャグラーガールズ,A-Type,北電子,2024-01-01,6
52,ジャグラーガールズ,A-Type,北電子,2024-01-01,6
53,ジャグラーガールズ,A-Type,北電子,2024-01-01,6
54,ジャグラーガールズ,A-Type,北電子,2024-01-01,6
55,ジャグラーガールズ,A-Type,北電子,2024-01-01,6
56,ジャグラーガールズ,A-Type,北電子,2024-01-01,6
57,ジャグラーガールズ,A-Type,北電子,2024-01-01,6
58,ジャグラーガールズ,A-Type,北電子,2024-01-01,6
59,ジャグラーガールズ,A-Type,北電子,2024-01-01,6
60,ジャグラーガールズ,A-Type,北電子,2024-01-01,6
61,みんなのジャグラー,A-Type,北電子,2024-01-01,7
62,みんなのジャグラー,A-Type,北電子,2024-01-01,7
63,みんなのジャグラー,A-Type,北電子,2024-01-01,7
64,みんなのジャグラー,A-Type,北電子,2024-01-01,7
65,みんなのジャグラー,A-Type,北電子,2024-01-01,7
66,みんなのジャグラー,A-Type,北電子,2024-01-01,7
67,みんなのジャグラー,A-Type,北電子,2024-01-01,7
68,みんなのジャグラー,A-Type,北電子,2024-01-01,7
69,みんなのジャグラー,A-Type,北電子,2024-01-01,7
70,みんなのジャグラー,A-Type,北電子,2024-01-01,7
71,北斗の拳 宿命,ART/AT,サミー,2024-01-01,8
72,北斗の拳 宿命,ART/AT,サミー,2024-01-01,8
73,北斗の拳 宿命,ART/AT,サミー,2024-01-01,8
74,北斗の拳 宿命,ART/AT,サミー,2024-01-01,8
75,北斗の拳 宿命,ART/AT,サミー,2024-01-01,8
76,北斗の拳 宿命,ART/AT,サミー,2024-01-01,8
77,北斗の拳 宿命,ART/AT,サミー,2024-01-01,8
78,北斗の拳 宿命,ART/AT,サミー,2024-01-01,8
79,北斗の拳 宿命,ART/AT,サミー,2024-01-01,8
80,北斗の拳 宿命,ART/AT,サミー,2024-01-01,8
81,北斗の拳 天昇,ART/AT,サミー,2024-01-01,9
82,北斗の拳 天昇,ART/AT,サミー,2024-01-01,9
83,北斗の拳 天昇,ART/AT,サミー,2024-01-01,9
84,北斗の拳 天昇,ART/AT,サミー,2024-01-01,9
85,北斗の拳 天昇,ART/AT,サミー,2024-01-01,9
86,北斗の拳 天昇,ART/AT,サミー,2024-01-01,9
87,北斗の拳 天昇,ART/AT,サミー,2024-01-01,9
88,北斗の拳 天昇,ART/AT,サミー,2024-01-01,9
89,北斗の拳 天昇,ART/AT,サミー,2024-01-01,9
90,北斗の拳 天昇,ART/AT,サミー,2024-01-01,9
91,北斗の拳 羅刹,ART/AT,サミー,2024-01-01,10
92,北斗の拳 羅刹,ART/AT,サミー,2024-01-01,10
93,北斗の拳 羅刹,ART/AT,サミー,2024-01-01,10
94,北斗の拳 羅刹,ART/AT,サミー,2024-01-01,10
95,北斗の拳 羅刹,ART/AT,サミー,2024-01-01,10
96,北斗の拳 羅刹,ART/AT,サミー,2024-01-01,10
97,北斗の拳 羅刹,ART/AT,サミー,2024-01-01,10
98,北斗の拳 羅刹,ART/AT,サミー,2024-01-01,10
99,北斗の拳 羅刹,ART/AT,サミー,2024-01-01,10
100,北斗の拳 羅刹,ART/AT,サミー,2024-01-01,10
101,北斗の拳 修羅の国篇,ART/AT,サミー,2024-01-01,11
102,北斗の拳 修羅の国篇,ART/AT,サミー,2024-01-01,11
103,北斗の拳 修羅の国篇,ART/AT,サミー,2024-01-01,11
104,北斗の拳 修羅の国篇,ART/AT,サミー,2024-01-01,11
105,北斗の拳 修羅の国篇,ART/AT,サミー,2024-01-01,11
106,北斗の拳 修羅の国篇,ART/AT,サミー,2024-01-01,11
107,北斗の拳 修羅の国篇,ART/AT,サミー,2024-01-01,11
108,北斗の拳 修羅の国篇,ART/AT,サミー,2024-01-01,11
109,北斗の拳 修羅の国篇,ART/AT,サミー,2024-01-01,11
110,北斗の拳 修羅の国篇,ART/AT,サミー,2024-01-01,11
111,バジリスク絆2,ART/AT,サミー,2024-01-01,12
112,バジリスク絆2,ART/AT,サミー,2024-01-01,12
113,バジリスク絆2,ART/AT,サミー,2024-01-01,12
114,バジリスク絆2,ART/AT,サミー,2024-01-01,12
115,バジリスク絆2,ART/AT,サミー,2024-01-01,12
116,バジリスク絆2,ART/AT,サミー,2024-01-01,12
117,バジリスク絆2,ART/AT,サミー,2024-01-01,12
118,バジリスク絆2,ART/AT,サミー,2024-01-01,12
119,バジリスク絆2,ART/AT,サミー,2024-01-01,12
120,バジリスク絆2,ART/AT,サミー,2024-01-01,12
121,バジリスク甲賀忍法帖III,ART/AT,サミー,2024-01-01,13
122,バジリスク甲賀忍法帖III,ART/AT,サミー,2024-01-01,13
123,バジリスク甲賀忍法帖III,ART/AT,サミー,2024-01-01,13
124,バジリスク甲賀忍法帖III,ART/AT,サミー,2024-01-01,13
125,バジリスク甲賀忍法帖III,ART/AT,サミー,2024-01-01,13
126,バジリスク甲賀忍法帖III,ART/AT,サミー,2024-01-01,13
127,バジリスク甲賀忍法帖III,ART/AT,サミー,2024-01-01,13
128,バジリスク甲賀忍法帖III,ART/AT,サミー,2024-01-01,13
129,バジリスク甲賀忍法帖III,ART/AT,サミー,2024-01-01,13
130,バジリスク甲賀忍法帖III,ART/AT,サミー,2024-01-01,13
131,バジリスク桜花忍法帖,ART/AT,サミー,2024-01-01,14
132,バジリスク桜花忍法帖,ART/AT,サミー,2024-01-01,14
133,バジリスク桜花忍法帖,ART/AT,サミー,2024-01-01,14
134,バジリスク桜花忍法帖,ART/AT,サミー,2024-01-01,14
135,バジリスク桜花忍法帖,ART/AT,サミー,2024-01-01,14
136,バジリスク桜花忍法帖,ART/AT,サミー,2024-01-01,14
137,バジリスク桜花忍法帖,ART/AT,サミー,2024-01-01,14
138,バジリスク桜花忍法帖,ART/AT,サミー,2024-01-01,14
139,バジリスク桜花忍法帖,ART/AT,サミー,2024-01-01,14
140,バジリスク桜花忍法帖,ART/AT,サミー,2024-01-01,14
141,押忍!番長3,ART/AT,大都技研,2024-01-01,15
142,押忍!番長3,ART/AT,大都技研,2024-01-01,15
143,押忍!番長3,ART/AT,大都技研,2024-01-01,15
144,押忍!番長3,ART/AT,大都技研,2024-01-01,15
145,押忍!番長3,ART/AT,大都技研,2024-01-01,15
146,押忍!番長3,ART/AT,大都技研,2024-01-01,15
147,押忍!番長3,ART/AT,大都技研,2024-01-01,15
148,押忍!番長3,ART/AT,大都技研,2024-01-01,15
149,押忍!番長3,ART/AT,大都技研,2024-01-01,15
150,押忍!番長3,ART/AT,大都技研,2024-01-01,15
151,押忍!番長ZERO,ART/AT,大都技研,2024-01-01,16
152,押忍!番長ZERO,ART/AT,大都技研,2024-01-01,16
153,押忍!番長ZERO,ART/AT,大都技研,2024-01-01,16
154,押忍!番長ZERO,ART/AT,大都技研,2024-01-01,16
155,押忍!番長ZERO,ART/AT,大都技研,2024-01-01,16
156,押忍!番長ZERO,ART/AT,大都技研,2024-01-01,16
157,押忍!番長ZERO,ART/AT,大都技研,2024-01-01,16
158,押忍!番長ZERO,ART/AT,大都技研,2024-01-01,16
159,押忍!番長ZERO,ART/AT,大都技研,2024-01-01,16
160,押忍!番長ZERO,ART/AT,大都技研,2024-01-01,16
161,押忍!サラリーマン番長2,ART/AT,大都技研,2024-01-01,17
162,押忍!サラリーマン番長2,ART/AT,大都技研,2024-01-01,17
163,押忍!サラリーマン番長2,ART/AT,大都技研,2024-01-01,17
164,押忍!サラリーマン番長2,ART/AT,大都技研,2024-01-01,17
165,押忍!サラリーマン番長2,ART/AT,大都技研,2024-01-01,17
166,押忍!サラリーマン番長2,ART/AT,大都技研,2024-01-01,17
167,押忍!サラリーマン番長2,ART/AT,大都技研,2024-01-01,17
168,押忍!サラリーマン番長2,ART/AT,大都技研,2024-01-01,17
169,押忍!サラリーマン番長2,ART/AT,大都技研,2024-01-01,17
170,押忍!サラリーマン番長2,ART/AT,大都技研,2024-01-01,17
171,まどか☆マギカ叛逆の物語,ART/AT,ビスティ,2024-01-01,18
172,まどか☆マギカ叛逆の物語,ART/AT,ビスティ,2024-01-01,18
173,まどか☆マギカ叛逆の物語,ART/AT,ビスティ,2024-01-01,18
174,まどか☆マギカ叛逆の物語,ART/AT,ビスティ,2024-01-01,18
175,まどか☆マギカ叛逆の物語,ART/AT,ビスティ,2024-01-01,18
176,まどか☆マギカ叛逆の物語,ART/AT,ビスティ,2024-01-01,18
177,まどか☆マギカ叛逆の物語,ART/AT,ビスティ,2024-01-01,18
178,まどか☆マギカ叛逆の物語,ART/AT,ビスティ,2024-01-01,18
179,まどか☆マギカ叛逆の物語,ART/AT,ビスティ,2024-01-01,18
180,まどか☆マギカ叛逆の物語,ART/AT,ビスティ,2024-01-01,18
181,ゴッドイーター,ART/AT,その他メーカー,2024-01-01,19
182,ゴッドイーター,ART/AT,その他メーカー,2024-01-01,19
183,ゴッドイーター,ART/AT,その他メーカー,2024-01-01,19
184,ゴッドイーター,ART/AT,その他メーカー,2024-01-01,19
185,ゴッドイーター,ART/AT,その他メーカー,2024-01-01,19
186,ゴッドイーター,ART/AT,その他メーカー,2024-01-01,19
187,ゴッドイーター,ART/AT,その他メーカー,2024-01-01,19
188,ゴッドイーター,ART/AT,その他メーカー,2024-01-01,19
189,ゴッドイーター,ART/AT,その他メーカー,2024-01-01,19
190,ゴッドイーター,ART/AT,その他メーカー,2024-01-01,19
191,モンキーターンV,その他,その他メーカー,2024-01-01,20
192,モンキーターンV,その他,その他メーカー,2024-01-01,20
193,モンキーターンV,その他,その他メーカー,2024-01-01,20
194,モンキーターンV,その他,その他メーカー,2024-01-01,20
195,モンキーターンV,その他,その他メーカー,2024-01-01,20
196,モンキーターンV,その他,その他メーカー,2024-01-01,20
197,モンキーターンV,その他,その他メーカー,2024-01-01,20
198,モンキーターンV,その他,その他メーカー,2024-01-01,20
199,モンキーターンV,その他,その他メーカー,2024-01-01,20
200,モンキーターンV,その他,その他メーカー,2024-01-01,20
201,ヴァルヴレイヴ,その他,その他メーカー,2024-01-01,21
202,ヴァルヴレイヴ,その他,その他メーカー,2024-01-01,21
203,ヴァルヴレイヴ,その他,その他メーカー,2024-01-01,21
204,ヴァルヴレイヴ,その他,その他メーカー,2024-01-01,21
205,ヴァルヴレイヴ,その他,その他メーカー,2024-01-01,21
206,ヴァルヴレイヴ,その他,その他メーカー,2024-01-01,21
207,ヴァルヴレイヴ,その他,その他メーカー,2024-01-01,21
208,ヴァルヴレイヴ,その他,その他メーカー,2024-01-01,21
209,ヴァルヴレイヴ,その他,その他メーカー,2024-01-01,21
210,ヴァルヴレイヴ,その他,その他メーカー,2024-01-01,21
211,ハナハナ鳳凰,A-Type(連チャン),パイオニア,2024-01-01,22
212,ハナハナ鳳凰,A-Type(連チャン),パイオニア,2024-01-01,22
213,ハナハナ鳳凰,A-Type(連チャン),パイオニア,2024-01-01,22
214,ハナハナ鳳凰,A-Type(連チャン),パイオニア,2024-01-01,22
215,ハナハナ鳳凰,A-Type(連チャン),パイオニア,2024-01-01,22
216,ハナハナ鳳凰,A-Type(連チャン),パイオニア,2024-01-01,22
217,ハナハナ鳳凰,A-Type(連チャン),パイオニア,2024-01-01,22
218,ハナハナ鳳凰,A-Type(連チャン),パイオニア,2024-01-01,22
219,ハナハナ鳳凰,A-Type(連チャン),パイオニア,2024-01-01,22
220,ハナハナ鳳凰,A-Type(連チャン),パイオニア,2024-01-01,22
221,沖ドキ!GOLD,A-Type(連チャン),その他メーカー,2024-01-01,23
222,沖ドキ!GOLD,A-Type(連チャン),その他メーカー,2024-01-01,23
223,沖ドキ!GOLD,A-Type(連チャン),その他メーカー,2024-01-01,23
224,沖ドキ!GOLD,A-Type(連チャン),その他メーカー,2024-01-01,23
225,沖ドキ!GOLD,A-Type(連チャン),その他メーカー,2024-01-01,23
226,沖ドキ!GOLD,A-Type(連チャン),その他メーカー,2024-01-01,23
227,沖ドキ!GOLD,A-Type(連チャン),その他メーカー,2024-01-01,23
228,沖ドキ!GOLD,A-Type(連チャン),その他メーカー,2024-01-01,23
229,沖ドキ!GOLD,A-Type(連チャン),その他メーカー,2024-01-01,23
230,沖ドキ!GOLD,A-Type(連チャン),その他メーカー,2024-01-01,23
231,Re:ゼロから始める異世界生活,その他,その他メーカー,2024-01-01,24
232,Re:ゼロから始める異世界生活,その他,その他メーカー,2024-01-01,24
233,Re:ゼロから始める異世界生活,その他,その他メーカー,2024-01-01,24
234,Re:ゼロから始める異世界生活,その他,その他メーカー,2024-01-01,24
235,Re:ゼロから始める異世界生活,その他,その他メーカー,2024-01-01,24
236,Re:ゼロから始める異世界生活,その他,その他メーカー,2024-01-01,24
237,Re:ゼロから始める異世界生活,その他,その他メーカー,2024-01-01,24
238,Re:ゼロから始める異世界生活,その他,その他メーカー,2024-01-01,24
239,Re:ゼロから始める異世界生活,その他,その他メーカー,2024-01-01,24
240,Re:ゼロから始める異世界生活,その他,その他メーカー,2024-01-01,24
241,エヴァンゲリオン AT777,その他,ビスティ,2024-01-01,25
242,エヴァンゲリオン AT777,その他,ビスティ,2024-01-01,25
243,エヴァンゲリオン AT777,その他,ビスティ,2024-01-01,25
244,エヴァンゲリオン AT777,その他,ビスティ,2024-01-01,25
245,エヴァンゲリオン AT777,その他,ビスティ,2024-01-01,25
246,エヴァンゲリオン AT777,その他,ビスティ,2024-01-01,25
247,エヴァンゲリオン AT777,その他,ビスティ,2024-01-01,25
248,エヴァンゲリオン AT777,その他,ビスティ,2024-01-01,25
249,エヴァンゲリオン AT777,その他,ビスティ,2024-01-01,25
250,エヴァンゲリオン AT777,その他,ビスティ,2024-01-01,25
251,戦国乙女4,その他,その他メーカー,2024-01-01,26
252,戦国乙女4,その他,その他メーカー,2024-01-01,26
253,戦国乙女4,その他,その他メーカー,2024-01-01,26
254,戦国乙女4,その他,その他メーカー,2024-01-01,26
255,戦国乙女4,その他,その他メーカー,2024-01-01,26
256,戦国乙女4,その他,その他メーカー,2024-01-01,26
257,戦国乙女4,その他,その他メーカー,2024-01-01,26
258,戦国乙女4,その他,その他メーカー,2024-01-01,26
259,戦国乙女4,その他,その他メーカー,2024-01-01,26
260,戦国乙女4,その他,その他メーカー,2024-01-01,26
261,アクエリオン ALL STARS,その他,その他メーカー,2024-01-01,27
262,アクエリオン ALL STARS,その他,その他メーカー,2024-01-01,27
263,アクエリオン ALL STARS,その他,その他メーカー,2024-01-01,27
264,アクエリオン ALL STARS,その他,その他メーカー,2024-01-01,27
265,アクエリオン ALL STARS,その他,その他メーカー,2024-01-01,27
266,アクエリオン ALL STARS,その他,その他メーカー,2024-01-01,27
267,アクエリオン ALL STARS,その他,その他メーカー,2024-01-01,27
268,アクエリオン ALL STARS,その他,その他メーカー,2024-01-01,27
269,アクエリオン ALL STARS,その他,その他メーカー,2024-01-01,27
270,アクエリオン ALL STARS,その他,その他メーカー,2024-01-01,27
271,聖闘士星矢 海皇覚醒,その他,その他メーカー,2024-01-01,28
272,聖闘士星矢 海皇覚醒,その他,その他メーカー,2024-01-01,28
273,聖闘士星矢 海皇覚醒,その他,その他メーカー,2024-01-01,28
274,聖闘士星矢 海皇覚醒,その他,その他メーカー,2024-01-01,28
275,聖闘士星矢 海皇覚醒,その他,その他メーカー,2024-01-01,28
276,聖闘士星矢 海皇覚醒,その他,その他メーカー,2024-01-01,28
277,聖闘士星矢 海皇覚醒,その他,その他メーカー,2024-01-01,28
278,聖闘士星矢 海皇覚醒,その他,その他メーカー,2024-01-01,28
279,聖闘士星矢 海皇覚醒,その他,その他メーカー,2024-01-01,28
280,聖闘士星矢 海皇覚醒,その他,その他メーカー,2024-01-01,28
281,機動戦士ガンダムユニコーン,その他,その他メーカー,2024-01-01,29
282,機動戦士ガンダムユニコーン,その他,その他メーカー,2024-01-01,29
283,機動戦士ガンダムユニコーン,その他,その他メーカー,2024-01-01,29
284,機動戦士ガンダムユニコーン,その他,その他メーカー,2024-01-01,29
285,機動戦士ガンダムユニコーン,その他,その他メーカー,2024-01-01,29
286,機動戦士ガンダムユニコーン,その他,その他メーカー,2024-01-01,29
287,機動戦士ガンダムユニコーン,その他,その他メーカー,2024-01-01,29
288,機動戦士ガンダムユニコーン,その他,その他メーカー,2024-01-01,29
289,機動戦士ガンダムユニコーン,その他,その他メーカー,2024-01-01,29
290,機動戦士ガンダムユニコーン,その他,その他メーカー,2024-01-01,29
291,ハナビ,その他,その他メーカー,2024-01-01,30
292,ハナビ,その他,その他メーカー,2024-01-01,30
293,ハナビ,その他,その他メーカー,2024-01-01,30
294,ハナビ,その他,その他メーカー,2024-01-01,30
295,ハナビ,その他,その他メーカー,2024-01-01,30
296,ハナビ,その他,その他メーカー,2024-01-01,30
297,ハナビ,その他,その他メーカー,2024-01-01,30
298,ハナビ,その他,その他メーカー,2024-01-01,30
299,ハナビ,その他,その他メーカー,2024-01-01,30
300,ハナビ,その他,その他メーカー,2024-01-01,30
301,バーサスリヴァイズ,その他,その他メーカー,2024-01-01,31
302,バーサスリヴァイズ,その他,その他メーカー,2024-01-01,31
303,バーサスリヴァイズ,その他,その他メーカー,2024-01-01,31
304,バーサスリヴァイズ,その他,その他メーカー,2024-01-01,31
305,バーサスリヴァイズ,その他,その他メーカー,2024-01-01,31
306,バーサスリヴァイズ,その他,その他メーカー,2024-01-01,31
307,バーサスリヴァイズ,その他,その他メーカー,2024-01-01,31
308,バーサスリヴァイズ,その他,その他メーカー,2024-01-01,31
309,バーサスリヴァイズ,その他,その他メーカー,2024-01-01,31
310,バーサスリヴァイズ,その他,その他メーカー,2024-01-01,31
311,ディスクアップ2,その他,その他メーカー,2024-01-01,32
312,ディスクアップ2,その他,その他メーカー,2024-01-01,32
313,ディスクアップ2,その他,その他メーカー,2024-01-01,32
314,ディスクアップ2,その他,その他メーカー,2024-01-01,32
315,ディスクアップ2,その他,その他メーカー,2024-01-01,32
316,ディスクアップ2,その他,その他メーカー,2024-01-01,32
317,ディスクアップ2,その他,その他メーカー,2024-01-01,32
318,ディスクアップ2,その他,その他メーカー,2024-01-01,32
319,ディスクアップ2,その他,その他メーカー,2024-01-01,32
320,ディスクアップ2,その他,その他メーカー,2024-01-01,32
321,マッピー,その他,その他メーカー,2024-01-01,33
322,マッピー,その他,その他メーカー,2024-01-01,33
323,マッピー,その他,その他メーカー,2024-01-01,33
324,マッピー,その他,その他メーカー,2024-01-01,33
325,マッピー,その他,その他メーカー,2024-01-01,33
326,マッピー,その他,その他メーカー,2024-01-01,33
327,マッピー,その他,その他メーカー,2024-01-01,33
328,マッピー,その他,その他メーカー,2024-01-01,33
329,マッピー,その他,その他メーカー,2024-01-01,33
330,マッピー,その他,その他メーカー,2024-01-01,33
331,甘デジハナハナ,A-Type(連チャン),パイオニア,2024-01-01,34
332,甘デジハナハナ,A-Type(連チャン),パイオニア,2024-01-01,34
333,甘デジハナハナ,A-Type(連チャン),パイオニア,2024-01-01,34
334,甘デジハナハナ,A-Type(連チャン),パイオニア,2024-01-01,34
335,甘デジハナハナ,A-Type(連チャン),パイオニア,2024-01-01,34
336,甘デジハナハナ,A-Type(連チャン),パイオニア,2024-01-01,34
337,甘デジハナハナ,A-Type(連チャン),パイオニア,2024-01-01,34
338,甘デジハナハナ,A-Type(連チャン),パイオニア,2024-01-01,34
339,甘デジハナハナ,A-Type(連チャン),パイオニア,2024-01-01,34
340,甘デジハナハナ,A-Type(連チャン),パイオニア,2024-01-01,34
341,甘い沖ドキ,A-Type(連チャン),その他メーカー,2024-01-01,35
342,甘い沖ドキ,A-Type(連チャン),その他メーカー,2024-01-01,35
343,甘い沖ドキ,A-Type(連チャン),その他メーカー,2024-01-01,35
344,甘い沖ドキ,A-Type(連チャン),その他メーカー,2024-01-01,35
345,甘い沖ドキ,A-Type(連チャン),その他メーカー,2024-01-01,35
346,甘い沖ドキ,A-Type(連チャン),その他メーカー,2024-01-01,35
347,甘い沖ドキ,A-Type(連チャン),その他メーカー,2024-01-01,35
348,甘い沖ドキ,A-Type(連チャン),その他メーカー,2024-01-01,35
349,甘い沖ドキ,A-Type(連チャン),その他メーカー,2024-01-01,35
350,甘い沖ドキ,A-Type(連チャン),その他メーカー,2024-01-01,35
351,甘い番長3,ART/AT,大都技研,2024-01-01,36
352,甘い番長3,ART/AT,大都技研,2024-01-01,36
353,甘い番長3,ART/AT,大都技研,2024-01-01,36
354,甘い番長3,ART/AT,大都技研,2024-01-01,36
355,甘い番長3,ART/AT,大都技研,2024-01-01,36
356,甘い番長3,ART/AT,大都技研,2024-01-01,36
357,甘い番長3,ART/AT,大都技研,2024-01-01,36
358,甘い番長3,ART/AT,大都技研,2024-01-01,36
359,甘い番長3,ART/AT,大都技研,2024-01-01,36
360,甘い番長3,ART/AT,大都技研,2024-01-01,36
361,スロット11号機,A-Type,その他メーカー,2024-01-01,37
362,ART機2,ART,その他メーカー,2024-01-01,37
363,AT機3,AT,その他メーカー,2024-01-01,37
364,パチスロ4,その他,その他メーカー,2024-01-01,37
365,新台5,新台,その他メーカー,2024-01-01,37
366,スロット16号機,A-Type,その他メーカー,2024-01-01,37
367,ART機7,ART,その他メーカー,2024-01-01,37
368,AT機8,AT,その他メーカー,2024-01-01,37
369,パチスロ9,その他,その他メーカー,2024-01-01,37
370,新台10,新台,その他メーカー,2024-01-01,37
371,スロット21号機,A-Type,その他メーカー,2024-01-01,38
372,ART機12,ART,その他メーカー,2024-01-01,38
373,AT機13,AT,その他メーカー,2024-01-01,38
374,パチスロ14,その他,その他メーカー,2024-01-01,38
375,新台15,新台,その他メーカー,2024-01-01,38
376,スロット26号機,A-Type,その他メーカー,2024-01-01,38
377,ART機17,ART,その他メーカー,2024-01-01,38
378,AT機18,AT,その他メーカー,2024-01-01,38
379,パチスロ19,その他,その他メーカー,2024-01-01,38
380,新台20,新台,その他メーカー,2024-01-01,38
381,スロット31号機,A-Type,その他メーカー,2024-01-01,39
382,ART機22,ART,その他メーカー,2024-01-01,39
383,AT機23,AT,その他メーカー,2024-01-01,39
384,パチスロ24,その他,その他メーカー,2024-01-01,39
385,新台5,新台,その他メーカー,2024-01-01,39
386,スロット36号機,A-Type,その他メーカー,2024-01-01,39
387,ART機27,ART,その他メーカー,2024-01-01,39
388,AT機28,AT,その他メーカー,2024-01-01,39
389,パチスロ29,その他,その他メーカー,2024-01-01,39
390,新台10,新台,その他メーカー,2024-01-01,39
391,スロット41号機,A-Type,その他メーカー,2024-01-01,40
392,ART機2,ART,その他メーカー,2024-01-01,40
393,AT機3,AT,その他メーカー,2024-01-01,40
394,パチスロ34,その他,その他メーカー,2024-01-01,40
395,新台15,新台,その他メーカー,2024-01-01,40
396,スロット46号機,A-Type,その他メーカー,2024-01-01,40
397,ART機7,ART,その他メーカー,2024-01-01,40
398,AT機8,AT,その他メーカー,2024-01-01,40
399,パチスロ39,その他,その他メーカー,2024-01-01,40
400,新台20,新台,その他メーカー,2024-01-01,40
401,スロット1号機,A-Type,その他メーカー,2024-01-01,41
402,ART機12,ART,その他メーカー,2024-01-01,41
403,AT機13,AT,その他メーカー,2024-01-01,41
404,パチスロ4,その他,その他メーカー,2024-01-01,41
405,新台5,新台,その他メーカー,2024-01-01,41
406,スロット6号機,A-Type,その他メーカー,2024-01-01,41
407,ART機17,ART,その他メーカー,2024-01-01,41
408,AT機18,AT,その他メーカー,2024-01-01,41
409,パチスロ9,その他,その他メーカー,2024-01-01,41
410,新台10,新台,その他メーカー,2024-01-01,41
411,スロット11号機,A-Type,その他メーカー,2024-01-01,42
412,ART機22,ART,その他メーカー,2024-01-01,42
413,AT機23,AT,その他メーカー,2024-01-01,42
414,パチスロ14,その他,その他メーカー,2024-01-01,42
415,新台15,新台,その他メーカー,2024-01-01,42
416,スロット16号機,A-Type,その他メーカー,2024-01-01,42
417,ART機27,ART,その他メーカー,2024-01-01,42
418,AT機28,AT,その他メーカー,2024-01-01,42
419,パチスロ19,その他,その他メーカー,2024-01-01,42
420,新台20,新台,その他メーカー,2024-01-01,42
421,スロット21号機,A-Type,その他メーカー,2024-01-01,43
422,ART機2,ART,その他メーカー,2024-01-01,43
423,AT機3,AT,その他メーカー,2024-01-01,43
424,パチスロ24,その他,その他メーカー,2024-01-01,43
425,新台5,新台,その他メーカー,2024-01-01,43
426,スロット26号機,A-Type,その他メーカー,2024-01-01,43
427,ART機7,ART,その他メーカー,2024-01-01,43
428,AT機8,AT,その他メーカー,2024-01-01,43
429,パチスロ29,その他,その他メーカー,2024-01-01,43
430,新台10,新台,その他メーカー,2024-01-01,43
431,スロット31号機,A-Type,その他メーカー,2024-01-01,44
432,ART機12,ART,その他メーカー,2024-01-01,44
433,AT機13,AT,その他メーカー,2024-01-01,44
434,パチスロ34,その他,その他メーカー,2024-01-01,44
435,新台15,新台,その他メーカー,2024-01-01,44
436,スロット36号機,A-Type,その他メーカー,2024-01-01,44
437,ART機17,ART,その他メーカー,2024-01-01,44
438,AT機18,AT,その他メーカー,2024-01-01,44
439,パチスロ39,その他,その他メーカー,2024-01-01,44
440,新台20,新台,その他メーカー,2024-01-01,44
441,スロット41号機,A-Type,その他メーカー,2024-01-01,45
442,ART機22,ART,その他メーカー,2024-01-01,45
443,AT機23,AT,その他メーカー,2024-01-01,45
444,パチスロ4,その他,その他メーカー,2024-01-01,45
445,新台5,新台,その他メーカー,2024-01-01,45
446,スロット46号機,A-Type,その他メーカー,2024-01-01,45
447,ART機27,ART,その他メーカー,2024-01-01,45
448,AT機28,AT,その他メーカー,2024-01-01,45
449,パチスロ9,その他,その他メーカー,2024-01-01,45
450,新台10,新台,その他メーカー,2024-01-01,45
451,スロット1号機,A-Type,その他メーカー,2024-01-01,46
452,ART機2,ART,その他メーカー,2024-01-01,46
453,AT機3,AT,その他メーカー,2024-01-01,46
454,パチスロ14,その他,その他メーカー,2024-01-01,46
455,新台15,新台,その他メーカー,2024-01-01,46
456,スロット6号機,A-Type,その他メーカー,2024-01-01,46
457,ART機7,ART,その他メーカー,2024-01-01,46
458,AT機8,AT,その他メーカー,2024-01-01,46
459,パチスロ19,その他,その他メーカー,2024-01-01,46
460,新台20,新台,その他メーカー,2024-01-01,46
461,スロット11号機,A-Type,その他メーカー,2024-01-01,47
462,ART機12,ART,その他メーカー,2024-01-01,47
463,AT機13,AT,その他メーカー,2024-01-01,47
464,パチスロ24,その他,その他メーカー,2024-01-01,47
465,新台5,新台,その他メーカー,2024-01-01,47
466,スロット16号機,A-Type,その他メーカー,2024-01-01,47
467,ART機17,ART,その他メーカー,2024-01-01,47
468,AT機18,AT,その他メーカー,2024-01-01,47
469,パチスロ29,その他,その他メーカー,2024-01-01,47
470,新台10,新台,その他メーカー,2024-01-01,47
471,スロット21号機,A-Type,その他メーカー,2024-01-01,48
472,ART機22,ART,その他メーカー,2024-01-01,48
473,AT機23,AT,その他メーカー,2024-01-01,48
474,パチスロ34,その他,その他メーカー,2024-01-01,48
475,新台15,新台,その他メーカー,2024-01-01,48
476,スロット26号機,A-Type,その他メーカー,2024-01-01,48
477,ART機27,ART,その他メーカー,2024-01-01,48
478,AT機28,AT,その他メーカー,2024-01-01,48
479,パチスロ39,その他,その他メーカー,2024-01-01,48
480,新台20,新台,その他メーカー,2024-01-01,48
481,スロット31号機,A-Type,その他メーカー,2024-01-01,49
482,ART機2,ART,その他メーカー,2024-01-01,49
483,AT機3,AT,その他メーカー,2024-01-01,49
484,パチスロ4,その他,その他メーカー,2024-01-01,49
485,新台5,新台,その他メーカー,2024-01-01,49
486,スロット36号機,A-Type,その他メーカー,2024-01-01,49
487,ART機7,ART,その他メーカー,2024-01-01,49
488,AT機8,AT,その他メーカー,2024-01-01,49
489,パチスロ9,その他,その他メーカー,2024-01-01,49
490,新台10,新台,その他メーカー,2024-01-01,49
491,スロット41号機,A-Type,その他メーカー,2024-01-01,50
492,ART機12,ART,その他メーカー,2024-01-01,50
493,AT機13,AT,その他メーカー,2024-01-01,50
494,パチスロ14,その他,その他メーカー,2024-01-01,50
495,新台15,新台,その他メーカー,2024-01-01,50
496,スロット46号機,A-Type,その他メーカー,2024-01-01,50
497,ART機17,ART,その他メーカー,2024-01-01,50
498,AT機18,AT,その他メーカー,2024-01-01,50
499,パチスロ19,その他,その他メーカー,2024-01-01,50
500,新台20,新台,その他メーカー,2024-01-01,50
501,スロット1号機,A-Type,その他メーカー,2024-01-01,51
502,ART機22,ART,その他メーカー,2024-01-01,51
503,AT機23,AT,その他メーカー,2024-01-01,51
504,パチスロ24,その他,その他メーカー,2024-01-01,51
505,新台5,新台,その他メーカー,2024-01-01,51
506,スロット6号機,A-Type,その他メーカー,2024-01-01,51
507,ART機27,ART,その他メーカー,2024-01-01,51
508,AT機28,AT,その他メーカー,2024-01-01,51
509,パチスロ29,その他,その他メーカー,2024-01-01,51
510,新台10,新台,その他メーカー,2024-01-01,51
511,スロット11号機,A-Type,その他メーカー,2024-01-01,52
512,ART機2,ART,その他メーカー,2024-01-01,52
513,AT機3,AT,その他メーカー,2024-01-01,52
514,パチスロ34,その他,その他メーカー,2024-01-01,52
515,新台15,新台,その他メーカー,2024-01-01,52
516,スロット16号機,A-Type,その他メーカー,2024-01-01,52
517,ART機7,ART,その他メーカー,2024-01-01,52
518,AT機8,AT,その他メーカー,2024-01-01,52
519,パチスロ39,その他,その他メーカー,2024-01-01,52
520,新台20,新台,その他メーカー,2024-01-01,52
521,スロット21号機,A-Type,その他メーカー,2024-01-01,53
522,ART機12,ART,その他メーカー,2024-01-01,53
523,AT機13,AT,その他メーカー,2024-01-01,53
524,パチスロ4,その他,その他メーカー,2024-01-01,53
525,新台5,新台,その他メーカー,2024-01-01,53
526,スロット26号機,A-Type,その他メーカー,2024-01-01,53
527,ART機17,ART,その他メーカー,2024-01-01,53
528,AT機18,AT,その他メーカー,2024-01-01,53
529,パチスロ9,その他,その他メーカー,2024-01-01,53
530,新台10,新台,その他メーカー,2024-01-01,53
531,スロット31号機,A-Type,その他メーカー,2024-01-01,54
532,ART機22,ART,その他メーカー,2024-01-01,54
533,AT機23,AT,その他メーカー,2024-01-01,54
534,パチスロ14,その他,その他メーカー,2024-01-01,54
535,新台15,新台,その他メーカー,2024-01-01,54
536,スロット36号機,A-Type,その他メーカー,2024-01-01,54
537,ART機27,ART,その他メーカー,2024-01-01,54
538,AT機28,AT,その他メーカー,2024-01-01,54
539,パチスロ19,その他,その他メーカー,2024-01-01,54
540,新台20,新台,その他メーカー,2024-01-01,54
541,スロット41号機,A-Type,その他メーカー,2024-01-01,55
542,ART機2,ART,その他メーカー,2024-01-01,55
543,AT機3,AT,その他メーカー,2024-01-01,55
544,パチスロ24,その他,その他メーカー,2024-01-01,55
545,新台5,新台,その他メーカー,2024-01-01,55
546,スロット46号機,A-Type,その他メーカー,2024-01-01,55
547,ART機7,ART,その他メーカー,2024-01-01,55
548,AT機8,AT,その他メーカー,2024-01-01,55
549,パチスロ29,その他,その他メーカー,2024-01-01,55
550,新台10,新台,その他メーカー,2024-01-01,55
551,スロット1号機,A-Type,その他メーカー,2024-01-01,56
552,ART機12,ART,その他メーカー,2024-01-01,56
553,AT機13,AT,その他メーカー,2024-01-01,56
554,パチスロ34,その他,その他メーカー,2024-01-01,56
555,新台15,新台,その他メーカー,2024-01-01,56
556,スロット6号機,A-Type,その他メーカー,2024-01-01,56
557,ART機17,ART,その他メーカー,2024-01-01,56
558,AT機18,AT,その他メーカー,2024-01-01,56
559,パチスロ39,その他,その他メーカー,2024-01-01,56
560,新台20,新台,その他メーカー,2024-01-01,56
561,スロット11号機,A-Type,その他メーカー,2024-01-01,57
562,ART機22,ART,その他メーカー,2024-01-01,57
563,AT機23,AT,その他メーカー,2024-01-01,57
564,パチスロ4,その他,その他メーカー,2024-01-01,57
565,新台5,新台,その他メーカー,2024-01-01,57
566,スロット16号機,A-Type,その他メーカー,2024-01-01,57
567,ART機27,ART,その他メーカー,2024-01-01,57
568,AT機28,AT,その他メーカー,2024-01-01,57
569,パチスロ9,その他,その他メーカー,2024-01-01,57
570,新台10,新台,その他メーカー,2024-01-01,57
571,スロット21号機,A-Type,その他メーカー,2024-01-01,58
572,ART機2,ART,その他メーカー,2024-01-01,58
573,AT機3,AT,その他メーカー,2024-01-01,58
574,パチスロ14,その他,その他メーカー,2024-01-01,58
575,新台15,新台,その他メーカー,2024-01-01,58
576,スロット26号機,A-Type,その他メーカー,2024-01-01,58
577,ART機7,ART,その他メーカー,2024-01-01,58
578,AT機8,AT,その他メーカー,2024-01-01,58
579,パチスロ19,その他,その他メーカー,2024-01-01,58
580,新台20,新台,その他メーカー,2024-01-01,58
581,スロット31号機,A-Type,その他メーカー,2024-01-01,59
582,ART機12,ART,その他メーカー,2024-01-01,59
583,AT機13,AT,その他メーカー,2024-01-01,59
584,パチスロ24,その他,その他メーカー,2024-01-01,59
585,新台5,新台,その他メーカー,2024-01-01,59
586,スロット36号機,A-Type,その他メーカー,2024-01-01,59
587,ART機17,ART,その他メーカー,2024-01-01,59
588,AT機18,AT,その他メーカー,2024-01-01,59
589,パチスロ29,その他,その他メーカー,2024-01-01,59
590,新台10,新台,その他メーカー,2024-01-01,59
591,スロット41号機,A-Type,その他メーカー,2024-01-01,60
592,ART機22,ART,その他メーカー,2024-01-01,60
593,AT機23,AT,その他メーカー,2024-01-01,60
594,パチスロ34,その他,その他メーカー,2024-01-01,60
595,新台15,新台,その他メーカー,2024-01-01,60
596,スロット46号機,A-Type,その他メーカー,2024-01-01,60
597,ART機27,ART,その他メーカー,2024-01-01,60
598,AT機28,AT,その他メーカー,2024-01-01,60
599,パチスロ39,その他,その他メーカー,2024-01-01,60
600,新台20,新台,その他メーカー,2024-01-01,60
601,スロット1号機,A-Type,その他メーカー,2024-01-01,61
602,ART機2,ART,その他メーカー,2024-01-01,61
603,AT機3,AT,その他メーカー,2024-01-01,61
604,パチスロ4,その他,その他メーカー,2024-01-01,61
605,新台5,新台,その他メーカー,2024-01-01,61
606,スロット6号機,A-Type,その他メーカー,2024-01-01,61
607,ART機7,ART,その他メーカー,2024-01-01,61
608,AT機8,AT,その他メーカー,2024-01-01,61
609,パチスロ9,その他,その他メーカー,2024-01-01,61
610,新台10,新台,その他メーカー,2024-01-01,61
611,スロット11号機,A-Type,その他メーカー,2024-01-01,62
612,ART機12,ART,その他メーカー,2024-01-01,62
613,AT機13,AT,その他メーカー,2024-01-01,62
614,パチスロ14,その他,その他メーカー,2024-01-01,62
615,新台15,新台,その他メーカー,2024-01-01,62
616,スロット16号機,A-Type,その他メーカー,2024-01-01,62
617,ART機17,ART,その他メーカー,2024-01-01,62
618,AT機18,AT,その他メーカー,2024-01-01,62
619,パチスロ19,その他,その他メーカー,2024-01-01,62
620,新台20,新台,その他メーカー,2024-01-01,62
621,スロット21号機,A-Type,その他メーカー,2024-01-01,63
622,ART機22,ART,その他メーカー,2024-01-01,63
623,AT機23,AT,その他メーカー,2024-01-01,63
624,パチスロ24,その他,その他メーカー,2024-01-01,63
625,新台5,新台,その他メーカー,2024-01-01,63
626,スロット26号機,A-Type,その他メーカー,2024-01-01,63
627,ART機27,ART,その他メーカー,2024-01-01,63
628,AT機28,AT,その他メーカー,2024-01-01,63
629,パチスロ29,その他,その他メーカー,2024-01-01,63
630,新台10,新台,その他メーカー,2024-01-01,63
631,スロット31号機,A-Type,その他メーカー,2024-01-01,64
632,ART機2,ART,その他メーカー,2024-01-01,64
633,AT機3,AT,その他メーカー,2024-01-01,64
634,パチスロ34,その他,その他メーカー,2024-01-01,64
635,新台15,新台,その他メーカー,2024-01-01,64
636,スロット36号機,A-Type,その他メーカー,2024-01-01,64
637,ART機7,ART,その他メーカー,2024-01-01,64
638,AT機8,AT,その他メーカー,2024-01-01,64
639,パチスロ39,その他,その他メーカー,2024-01-01,64
640,新台20,新台,その他メーカー,2024-01-01,64
