machine_number,machine_type,category,manufacturer,introduction_date,popular_rank,is_active,last_updated
1,アイムジャグラーEX-TP,A-Type,北電子,2023-01-01,1,True,2025-07-18
2,アイムジャグラーEX-TP,A-Type,北電子,2023-01-01,1,True,2025-07-18
3,アイムジャグラーEX-TP,A-Type,北電子,2023-01-01,1,True,2025-07-18
4,アイムジャグラーEX-TP,A-Type,北電子,2023-01-01,1,True,2025-07-18
5,アイムジャグラーEX-TP,A-Type,北電子,2023-01-01,1,True,2025-07-18
6,アイムジャグラーEX-TP,A-Type,北電子,2023-01-01,1,True,2025-07-18
7,アイムジャグラーEX-TP,A-Type,北電子,2023-01-01,1,True,2025-07-18
8,アイムジャグラーEX-TP,A-Type,北電子,2023-01-01,1,True,2025-07-18
9,アイムジャグラーEX-TP,A-Type,北電子,2023-01-01,1,True,2025-07-18
10,アイムジャグラーEX-TP,A-Type,北電子,2023-01-01,2,True,2025-07-18
11,アイムジャグラーEX-TP,A-Type,北電子,2023-01-01,2,True,2025-07-18
12,アイムジャグラーEX-TP,A-Type,北電子,2023-01-01,2,True,2025-07-18
13,アイムジャグラーEX-TP,A-Type,北電子,2023-01-01,2,True,2025-07-18
14,アイムジャグラーEX-TP,A-Type,北電子,2023-01-01,2,True,2025-07-18
15,アイムジャグラーEX-TP,A-Type,北電子,2023-01-01,2,True,2025-07-18
16,アイムジャグラーEX-TP,A-Type,北電子,2023-01-01,2,True,2025-07-18
17,アイムジャグラーEX-TP,A-Type,北電子,2023-01-01,2,True,2025-07-18
18,アイムジャグラーEX-TP,A-Type,北電子,2023-01-01,2,True,2025-07-18
19,アイムジャグラーEX-TP,A-Type,北電子,2023-01-01,2,True,2025-07-18
20,アイムジャグラーEX-TP,A-Type,北電子,2023-01-01,3,True,2025-07-18
21,マイジャグラーV,A-Type,北電子,2023-01-01,3,True,2025-07-18
22,マイジャグラーV,A-Type,北電子,2023-01-01,3,True,2025-07-18
23,マイジャグラーV,A-Type,北電子,2023-01-01,3,True,2025-07-18
24,マイジャグラーV,A-Type,北電子,2023-01-01,3,True,2025-07-18
25,マイジャグラーV,A-Type,北電子,2023-01-01,3,True,2025-07-18
26,マイジャグラーV,A-Type,北電子,2023-01-01,3,True,2025-07-18
27,マイジャグラーV,A-Type,北電子,2023-01-01,3,True,2025-07-18
28,マイジャグラーV,A-Type,北電子,2023-01-01,3,True,2025-07-18
29,マイジャグラーV,A-Type,北電子,2023-01-01,3,True,2025-07-18
30,マイジャグラーV,A-Type,北電子,2023-01-01,4,True,2025-07-18
31,マイジャグラーV,A-Type,北電子,2023-01-01,4,True,2025-07-18
32,マイジャグラーV,A-Type,北電子,2023-01-01,4,True,2025-07-18
33,マイジャグラーV,A-Type,北電子,2023-01-01,4,True,2025-07-18
34,マイジャグラーV,A-Type,北電子,2023-01-01,4,True,2025-07-18
35,マイジャグラーV,A-Type,北電子,2023-01-01,4,True,2025-07-18
36,ファンキージャグラー2,A-Type,北電子,2023-01-01,4,True,2025-07-18
37,ファンキージャグラー2,A-Type,北電子,2023-01-01,4,True,2025-07-18
38,ファンキージャグラー2,A-Type,北電子,2023-01-01,4,True,2025-07-18
39,ファンキージャグラー2,A-Type,北電子,2023-01-01,4,True,2025-07-18
40,ファンキージャグラー2,A-Type,北電子,2023-01-01,5,True,2025-07-18
41,ファンキージャグラー2,A-Type,北電子,2023-01-01,5,True,2025-07-18
42,ファンキージャグラー2,A-Type,北電子,2023-01-01,5,True,2025-07-18
43,ファンキージャグラー2,A-Type,北電子,2023-01-01,5,True,2025-07-18
44,ファンキージャグラー2,A-Type,北電子,2023-01-01,5,True,2025-07-18
45,ファンキージャグラー2,A-Type,北電子,2023-01-01,5,True,2025-07-18
46,ハッピージャグラーVIII,A-Type,北電子,2023-01-01,5,True,2025-07-18
47,ハッピージャグラーVIII,A-Type,北電子,2023-01-01,5,True,2025-07-18
48,ハッピージャグラーVIII,A-Type,北電子,2023-01-01,5,True,2025-07-18
49,ハッピージャグラーVIII,A-Type,北電子,2023-01-01,5,True,2025-07-18
50,ハッピージャグラーVIII,A-Type,北電子,2023-01-01,6,True,2025-07-18
51,ハッピージャグラーVIII,A-Type,北電子,2023-01-01,6,True,2025-07-18
52,ハッピージャグラーVIII,A-Type,北電子,2023-01-01,6,True,2025-07-18
53,ハッピージャグラーVIII,A-Type,北電子,2023-01-01,6,True,2025-07-18
54,ハッピージャグラーVIII,A-Type,北電子,2023-01-01,6,True,2025-07-18
55,ハッピージャグラーVIII,A-Type,北電子,2023-01-01,6,True,2025-07-18
56,ゴーゴージャグラー3,A-Type,北電子,2023-01-01,6,True,2025-07-18
57,ゴーゴージャグラー3,A-Type,北電子,2023-01-01,6,True,2025-07-18
58,ゴーゴージャグラー3,A-Type,北電子,2023-01-01,6,True,2025-07-18
59,ゴーゴージャグラー3,A-Type,北電子,2023-01-01,6,True,2025-07-18
60,ゴーゴージャグラー3,A-Type,北電子,2023-01-01,7,True,2025-07-18
61,ゴーゴージャグラー3,A-Type,北電子,2023-01-01,7,True,2025-07-18
62,ゴーゴージャグラー3,A-Type,北電子,2023-01-01,7,True,2025-07-18
63,ゴーゴージャグラー3,A-Type,北電子,2023-01-01,7,True,2025-07-18
64,ゴーゴージャグラー3,A-Type,北電子,2023-01-01,7,True,2025-07-18
65,ゴーゴージャグラー3,A-Type,北電子,2023-01-01,7,True,2025-07-18
66,ジャグラーガールズSS,A-Type,北電子,2023-01-01,7,True,2025-07-18
67,ジャグラーガールズSS,A-Type,北電子,2023-01-01,7,True,2025-07-18
68,ジャグラーガールズSS,A-Type,北電子,2023-01-01,7,True,2025-07-18
69,ジャグラーガールズSS,A-Type,北電子,2023-01-01,7,True,2025-07-18
70,ジャグラーガールズSS,A-Type,北電子,2023-01-01,8,True,2025-07-18
71,Lスマスロ北斗の拳,スマスロ,サミー,2024-01-01,8,True,2025-07-18
72,Lスマスロ北斗の拳,スマスロ,サミー,2024-01-01,8,True,2025-07-18
73,Lスマスロ北斗の拳,スマスロ,サミー,2024-01-01,8,True,2025-07-18
74,Lスマスロ北斗の拳,スマスロ,サミー,2024-01-01,8,True,2025-07-18
75,Lスマスロ北斗の拳,スマスロ,サミー,2024-01-01,8,True,2025-07-18
76,Lスマスロ北斗の拳,スマスロ,サミー,2024-01-01,8,True,2025-07-18
77,Lスマスロ北斗の拳,スマスロ,サミー,2024-01-01,8,True,2025-07-18
78,Lスマスロ北斗の拳,スマスロ,サミー,2024-01-01,8,True,2025-07-18
79,Lスマスロ北斗の拳,スマスロ,サミー,2024-01-01,8,True,2025-07-18
80,Lスマスロ北斗の拳,スマスロ,サミー,2024-01-01,9,True,2025-07-18
81,Lスマスロ北斗の拳,スマスロ,サミー,2024-01-01,9,True,2025-07-18
82,Lスマスロ北斗の拳,スマスロ,サミー,2024-01-01,9,True,2025-07-18
83,Lスマスロ北斗の拳,スマスロ,サミー,2024-01-01,9,True,2025-07-18
84,Lスマスロ北斗の拳,スマスロ,サミー,2024-01-01,9,True,2025-07-18
85,Lスマスロ北斗の拳,スマスロ,サミー,2024-01-01,9,True,2025-07-18
86,Lスマスロ北斗の拳,スマスロ,サミー,2024-01-01,9,True,2025-07-18
87,Lスマスロ北斗の拳,スマスロ,サミー,2024-01-01,9,True,2025-07-18
88,Lスマスロ北斗の拳,スマスロ,サミー,2024-01-01,9,True,2025-07-18
89,Lスマスロ北斗の拳,スマスロ,サミー,2024-01-01,9,True,2025-07-18
90,Lスマスロ北斗の拳,スマスロ,サミー,2024-01-01,10,True,2025-07-18
91,Lからくりサーカス,スマスロ,SANKYO,2024-01-01,10,True,2025-07-18
92,Lからくりサーカス,スマスロ,SANKYO,2024-01-01,10,True,2025-07-18
93,Lからくりサーカス,スマスロ,SANKYO,2024-01-01,10,True,2025-07-18
94,Lからくりサーカス,スマスロ,SANKYO,2024-01-01,10,True,2025-07-18
95,Lからくりサーカス,スマスロ,SANKYO,2024-01-01,10,True,2025-07-18
96,Lからくりサーカス,スマスロ,SANKYO,2024-01-01,10,True,2025-07-18
97,Lからくりサーカス,スマスロ,SANKYO,2024-01-01,10,True,2025-07-18
98,Lからくりサーカス,スマスロ,SANKYO,2024-01-01,10,True,2025-07-18
99,Lからくりサーカス,スマスロ,SANKYO,2024-01-01,10,True,2025-07-18
100,Lからくりサーカス,スマスロ,SANKYO,2024-01-01,11,True,2025-07-18
101,Lからくりサーカス,スマスロ,SANKYO,2024-01-01,11,True,2025-07-18
102,Lからくりサーカス,スマスロ,SANKYO,2024-01-01,11,True,2025-07-18
103,Lからくりサーカス,スマスロ,SANKYO,2024-01-01,11,True,2025-07-18
104,Lからくりサーカス,スマスロ,SANKYO,2024-01-01,11,True,2025-07-18
105,Lからくりサーカス,スマスロ,SANKYO,2024-01-01,11,True,2025-07-18
106,L戦国乙女4 戦乱に閃く炯眼の軍師,スマスロ,オリンピア,2024-01-01,11,True,2025-07-18
107,L戦国乙女4 戦乱に閃く炯眼の軍師,スマスロ,オリンピア,2024-01-01,11,True,2025-07-18
108,L戦国乙女4 戦乱に閃く炯眼の軍師,スマスロ,オリンピア,2024-01-01,11,True,2025-07-18
109,L戦国乙女4 戦乱に閃く炯眼の軍師,スマスロ,オリンピア,2024-01-01,11,True,2025-07-18
110,L戦国乙女4 戦乱に閃く炯眼の軍師,スマスロ,オリンピア,2024-01-01,12,True,2025-07-18
111,L戦国乙女4 戦乱に閃く炯眼の軍師,スマスロ,オリンピア,2024-01-01,12,True,2025-07-18
112,L戦国乙女4 戦乱に閃く炯眼の軍師,スマスロ,オリンピア,2024-01-01,12,True,2025-07-18
113,L戦国乙女4 戦乱に閃く炯眼の軍師,スマスロ,オリンピア,2024-01-01,12,True,2025-07-18
114,L戦国乙女4 戦乱に閃く炯眼の軍師,スマスロ,オリンピア,2024-01-01,12,True,2025-07-18
115,L戦国乙女4 戦乱に閃く炯眼の軍師,スマスロ,オリンピア,2024-01-01,12,True,2025-07-18
116,L戦国乙女4 戦乱に閃く炯眼の軍師,スマスロ,オリンピア,2024-01-01,12,True,2025-07-18
117,L戦国乙女4 戦乱に閃く炯眼の軍師,スマスロ,オリンピア,2024-01-01,12,True,2025-07-18
118,L戦国乙女4 戦乱に閃く炯眼の軍師,スマスロ,オリンピア,2024-01-01,12,True,2025-07-18
119,L戦国乙女4 戦乱に閃く炯眼の軍師,スマスロ,オリンピア,2024-01-01,12,True,2025-07-18
120,L戦国乙女4 戦乱に閃く炯眼の軍師,スマスロ,オリンピア,2024-01-01,13,True,2025-07-18
121,Lゴジラ対エヴァンゲリオン,スマスロ,ビスティ,2024-01-01,13,True,2025-07-18
122,Lゴジラ対エヴァンゲリオン,スマスロ,ビスティ,2024-01-01,13,True,2025-07-18
123,Lゴジラ対エヴァンゲリオン,スマスロ,ビスティ,2024-01-01,13,True,2025-07-18
124,Lゴジラ対エヴァンゲリオン,スマスロ,ビスティ,2024-01-01,13,True,2025-07-18
125,Lゴジラ対エヴァンゲリオン,スマスロ,ビスティ,2024-01-01,13,True,2025-07-18
126,Lゴジラ対エヴァンゲリオン,スマスロ,ビスティ,2024-01-01,13,True,2025-07-18
127,Lゴジラ対エヴァンゲリオン,スマスロ,ビスティ,2024-01-01,13,True,2025-07-18
128,Lゴジラ対エヴァンゲリオン,スマスロ,ビスティ,2024-01-01,13,True,2025-07-18
129,Lゴジラ対エヴァンゲリオン,スマスロ,ビスティ,2024-01-01,13,True,2025-07-18
130,Lゴジラ対エヴァンゲリオン,スマスロ,ビスティ,2024-01-01,14,True,2025-07-18
131,L炎炎ノ消防隊,スマスロ,大都技研,2024-01-01,14,True,2025-07-18
132,L炎炎ノ消防隊,スマスロ,大都技研,2024-01-01,14,True,2025-07-18
133,L炎炎ノ消防隊,スマスロ,大都技研,2024-01-01,14,True,2025-07-18
134,L炎炎ノ消防隊,スマスロ,大都技研,2024-01-01,14,True,2025-07-18
135,L炎炎ノ消防隊,スマスロ,大都技研,2024-01-01,14,True,2025-07-18
136,L炎炎ノ消防隊,スマスロ,大都技研,2024-01-01,14,True,2025-07-18
137,L炎炎ノ消防隊,スマスロ,大都技研,2024-01-01,14,True,2025-07-18
138,L炎炎ノ消防隊,スマスロ,大都技研,2024-01-01,14,True,2025-07-18
139,L炎炎ノ消防隊,スマスロ,大都技研,2024-01-01,14,True,2025-07-18
140,L炎炎ノ消防隊,スマスロ,大都技研,2024-01-01,15,True,2025-07-18
141,Lバジリスク〜甲賀忍法帖〜絆2 天膳 BLACK EDITION,スマスロ,ユニバーサル,2024-01-01,15,True,2025-07-18
142,Lバジリスク〜甲賀忍法帖〜絆2 天膳 BLACK EDITION,スマスロ,ユニバーサル,2024-01-01,15,True,2025-07-18
143,Lバジリスク〜甲賀忍法帖〜絆2 天膳 BLACK EDITION,スマスロ,ユニバーサル,2024-01-01,15,True,2025-07-18
144,Lバジリスク〜甲賀忍法帖〜絆2 天膳 BLACK EDITION,スマスロ,ユニバーサル,2024-01-01,15,True,2025-07-18
145,Lバジリスク〜甲賀忍法帖〜絆2 天膳 BLACK EDITION,スマスロ,ユニバーサル,2024-01-01,15,True,2025-07-18
146,Lバジリスク〜甲賀忍法帖〜絆2 天膳 BLACK EDITION,スマスロ,ユニバーサル,2024-01-01,15,True,2025-07-18
147,Lバジリスク〜甲賀忍法帖〜絆2 天膳 BLACK EDITION,スマスロ,ユニバーサル,2024-01-01,15,True,2025-07-18
148,Lバジリスク〜甲賀忍法帖〜絆2 天膳 BLACK EDITION,スマスロ,ユニバーサル,2024-01-01,15,True,2025-07-18
149,Lバジリスク〜甲賀忍法帖〜絆2 天膳 BLACK EDITION,スマスロ,ユニバーサル,2024-01-01,15,True,2025-07-18
150,Lバジリスク〜甲賀忍法帖〜絆2 天膳 BLACK EDITION,スマスロ,ユニバーサル,2024-01-01,16,True,2025-07-18
151,Lバジリスク〜甲賀忍法帖〜絆2 天膳 BLACK EDITION,スマスロ,ユニバーサル,2024-01-01,16,True,2025-07-18
152,Lバジリスク〜甲賀忍法帖〜絆2 天膳 BLACK EDITION,スマスロ,ユニバーサル,2024-01-01,16,True,2025-07-18
153,Lバジリスク〜甲賀忍法帖〜絆2 天膳 BLACK EDITION,スマスロ,ユニバーサル,2024-01-01,16,True,2025-07-18
154,Lバジリスク〜甲賀忍法帖〜絆2 天膳 BLACK EDITION,スマスロ,ユニバーサル,2024-01-01,16,True,2025-07-18
155,Lバジリスク〜甲賀忍法帖〜絆2 天膳 BLACK EDITION,スマスロ,ユニバーサル,2024-01-01,16,True,2025-07-18
156,L主役は銭形4,スマスロ,オリンピア,2024-01-01,16,True,2025-07-18
157,L主役は銭形4,スマスロ,オリンピア,2024-01-01,16,True,2025-07-18
158,L主役は銭形4,スマスロ,オリンピア,2024-01-01,16,True,2025-07-18
159,L主役は銭形4,スマスロ,オリンピア,2024-01-01,16,True,2025-07-18
160,L主役は銭形4,スマスロ,オリンピア,2024-01-01,17,True,2025-07-18
161,L主役は銭形4,スマスロ,オリンピア,2024-01-01,17,True,2025-07-18
162,L主役は銭形4,スマスロ,オリンピア,2024-01-01,17,True,2025-07-18
163,L主役は銭形4,スマスロ,オリンピア,2024-01-01,17,True,2025-07-18
164,L主役は銭形4,スマスロ,オリンピア,2024-01-01,17,True,2025-07-18
165,L主役は銭形4,スマスロ,オリンピア,2024-01-01,17,True,2025-07-18
166,Lゴールデンカムイ,スマスロ,サミー,2024-01-01,17,True,2025-07-18
167,Lゴールデンカムイ,スマスロ,サミー,2024-01-01,17,True,2025-07-18
168,Lゴールデンカムイ,スマスロ,サミー,2024-01-01,17,True,2025-07-18
169,Lゴールデンカムイ,スマスロ,サミー,2024-01-01,17,True,2025-07-18
170,Lゴールデンカムイ,スマスロ,サミー,2024-01-01,18,True,2025-07-18
171,Lゴールデンカムイ,スマスロ,サミー,2024-01-01,18,True,2025-07-18
172,Lゴールデンカムイ,スマスロ,サミー,2024-01-01,18,True,2025-07-18
173,Lゴールデンカムイ,スマスロ,サミー,2024-01-01,18,True,2025-07-18
174,Lゴールデンカムイ,スマスロ,サミー,2024-01-01,18,True,2025-07-18
175,Lゴールデンカムイ,スマスロ,サミー,2024-01-01,18,True,2025-07-18
176,Lモンキーターン5,スマスロ,山佐,2024-01-01,18,True,2025-07-18
177,Lモンキーターン5,スマスロ,山佐,2024-01-01,18,True,2025-07-18
178,Lモンキーターン5,スマスロ,山佐,2024-01-01,18,True,2025-07-18
179,Lモンキーターン5,スマスロ,山佐,2024-01-01,18,True,2025-07-18
180,Lモンキーターン5,スマスロ,山佐,2024-01-01,19,True,2025-07-18
181,Lモンキーターン5,スマスロ,山佐,2024-01-01,19,True,2025-07-18
182,Lモンキーターン5,スマスロ,山佐,2024-01-01,19,True,2025-07-18
183,Lモンキーターン5,スマスロ,山佐,2024-01-01,19,True,2025-07-18
184,Lモンキーターン5,スマスロ,山佐,2024-01-01,19,True,2025-07-18
185,Lモンキーターン5,スマスロ,山佐,2024-01-01,19,True,2025-07-18
186,L革命機ヴァルヴレイヴ,スマスロ,SANKYO,2024-01-01,19,True,2025-07-18
187,L革命機ヴァルヴレイヴ,スマスロ,SANKYO,2024-01-01,19,True,2025-07-18
188,L革命機ヴァルヴレイヴ,スマスロ,SANKYO,2024-01-01,19,True,2025-07-18
189,L革命機ヴァルヴレイヴ,スマスロ,SANKYO,2024-01-01,19,True,2025-07-18
190,L革命機ヴァルヴレイヴ,スマスロ,SANKYO,2024-01-01,20,True,2025-07-18
191,L革命機ヴァルヴレイヴ,スマスロ,SANKYO,2024-01-01,20,True,2025-07-18
192,L革命機ヴァルヴレイヴ,スマスロ,SANKYO,2024-01-01,20,True,2025-07-18
193,L革命機ヴァルヴレイヴ,スマスロ,SANKYO,2024-01-01,20,True,2025-07-18
194,L革命機ヴァルヴレイヴ,スマスロ,SANKYO,2024-01-01,20,True,2025-07-18
195,L革命機ヴァルヴレイヴ,スマスロ,SANKYO,2024-01-01,20,True,2025-07-18
196,L革命機ヴァルヴレイヴ,スマスロ,SANKYO,2024-01-01,20,True,2025-07-18
197,L革命機ヴァルヴレイヴ,スマスロ,SANKYO,2024-01-01,20,True,2025-07-18
198,L革命機ヴァルヴレイヴ,スマスロ,SANKYO,2024-01-01,20,True,2025-07-18
199,L革命機ヴァルヴレイヴ,スマスロ,SANKYO,2024-01-01,20,True,2025-07-18
200,L革命機ヴァルヴレイヴ,スマスロ,SANKYO,2024-01-01,21,True,2025-07-18
201,L ToLOVEるダークネス,スマスロ,藤商事,2024-01-01,21,True,2025-07-18
202,L ToLOVEるダークネス,スマスロ,藤商事,2024-01-01,21,True,2025-07-18
203,L ToLOVEるダークネス,スマスロ,藤商事,2024-01-01,21,True,2025-07-18
204,L ToLOVEるダークネス,スマスロ,藤商事,2024-01-01,21,True,2025-07-18
205,L ToLOVEるダークネス,スマスロ,藤商事,2024-01-01,21,True,2025-07-18
206,L ToLOVEるダークネス,スマスロ,藤商事,2024-01-01,21,True,2025-07-18
207,L ToLOVEるダークネス,スマスロ,藤商事,2024-01-01,21,True,2025-07-18
208,L ToLOVEるダークネス,スマスロ,藤商事,2024-01-01,21,True,2025-07-18
209,L ToLOVEるダークネス,スマスロ,藤商事,2024-01-01,21,True,2025-07-18
210,L ToLOVEるダークネス,スマスロ,藤商事,2024-01-01,22,True,2025-07-18
211,Lエウレカセブン4 HI-EVOLUTION,スマスロ,サミー,2024-01-01,22,True,2025-07-18
212,Lエウレカセブン4 HI-EVOLUTION,スマスロ,サミー,2024-01-01,22,True,2025-07-18
213,Lエウレカセブン4 HI-EVOLUTION,スマスロ,サミー,2024-01-01,22,True,2025-07-18
214,Lエウレカセブン4 HI-EVOLUTION,スマスロ,サミー,2024-01-01,22,True,2025-07-18
215,Lエウレカセブン4 HI-EVOLUTION,スマスロ,サミー,2024-01-01,22,True,2025-07-18
216,Lエウレカセブン4 HI-EVOLUTION,スマスロ,サミー,2024-01-01,22,True,2025-07-18
217,Lエウレカセブン4 HI-EVOLUTION,スマスロ,サミー,2024-01-01,22,True,2025-07-18
218,Lエウレカセブン4 HI-EVOLUTION,スマスロ,サミー,2024-01-01,22,True,2025-07-18
219,Lエウレカセブン4 HI-EVOLUTION,スマスロ,サミー,2024-01-01,22,True,2025-07-18
220,Lエウレカセブン4 HI-EVOLUTION,スマスロ,サミー,2024-01-01,23,True,2025-07-18
221,Lコードギアス 復活のルルーシュ,スマスロ,サミー,2024-01-01,23,True,2025-07-18
222,Lコードギアス 復活のルルーシュ,スマスロ,サミー,2024-01-01,23,True,2025-07-18
223,Lコードギアス 復活のルルーシュ,スマスロ,サミー,2024-01-01,23,True,2025-07-18
224,Lコードギアス 復活のルルーシュ,スマスロ,サミー,2024-01-01,23,True,2025-07-18
225,Lコードギアス 復活のルルーシュ,スマスロ,サミー,2024-01-01,23,True,2025-07-18
226,Lコードギアス 復活のルルーシュ,スマスロ,サミー,2024-01-01,23,True,2025-07-18
227,Lコードギアス 復活のルルーシュ,スマスロ,サミー,2024-01-01,23,True,2025-07-18
228,Lコードギアス 復活のルルーシュ,スマスロ,サミー,2024-01-01,23,True,2025-07-18
229,Lコードギアス 復活のルルーシュ,スマスロ,サミー,2024-01-01,23,True,2025-07-18
230,Lコードギアス 復活のルルーシュ,スマスロ,サミー,2024-01-01,24,True,2025-07-18
231,L吉宗RISING,スマスロ,大都技研,2024-01-01,24,True,2025-07-18
232,L吉宗RISING,スマスロ,大都技研,2024-01-01,24,True,2025-07-18
233,L吉宗RISING,スマスロ,大都技研,2024-01-01,24,True,2025-07-18
234,L吉宗RISING,スマスロ,大都技研,2024-01-01,24,True,2025-07-18
235,L吉宗RISING,スマスロ,大都技研,2024-01-01,24,True,2025-07-18
236,L吉宗RISING,スマスロ,大都技研,2024-01-01,24,True,2025-07-18
237,L吉宗RISING,スマスロ,大都技研,2024-01-01,24,True,2025-07-18
238,L吉宗RISING,スマスロ,大都技研,2024-01-01,24,True,2025-07-18
239,L吉宗RISING,スマスロ,大都技研,2024-01-01,24,True,2025-07-18
240,L吉宗RISING,スマスロ,大都技研,2024-01-01,25,True,2025-07-18
241,Lストライク・ザ・ブラッド,スマスロ,藤商事,2024-01-01,25,True,2025-07-18
242,Lストライク・ザ・ブラッド,スマスロ,藤商事,2024-01-01,25,True,2025-07-18
243,Lストライク・ザ・ブラッド,スマスロ,藤商事,2024-01-01,25,True,2025-07-18
244,Lストライク・ザ・ブラッド,スマスロ,藤商事,2024-01-01,25,True,2025-07-18
245,Lストライク・ザ・ブラッド,スマスロ,藤商事,2024-01-01,25,True,2025-07-18
246,Lストライク・ザ・ブラッド,スマスロ,藤商事,2024-01-01,25,True,2025-07-18
247,Lストライク・ザ・ブラッド,スマスロ,藤商事,2024-01-01,25,True,2025-07-18
248,Lストライク・ザ・ブラッド,スマスロ,藤商事,2024-01-01,25,True,2025-07-18
249,Lストライク・ザ・ブラッド,スマスロ,藤商事,2024-01-01,25,True,2025-07-18
250,Lストライク・ザ・ブラッド,スマスロ,藤商事,2024-01-01,26,True,2025-07-18
251,新鬼武者2,6号機AT,エンターライズ,2023-01-01,26,True,2025-07-18
252,新鬼武者2,6号機AT,エンターライズ,2023-01-01,26,True,2025-07-18
253,新鬼武者2,6号機AT,エンターライズ,2023-01-01,26,True,2025-07-18
254,新鬼武者2,6号機AT,エンターライズ,2023-01-01,26,True,2025-07-18
255,新鬼武者2,6号機AT,エンターライズ,2023-01-01,26,True,2025-07-18
256,新鬼武者2,6号機AT,エンターライズ,2023-01-01,26,True,2025-07-18
257,新鬼武者2,6号機AT,エンターライズ,2023-01-01,26,True,2025-07-18
258,新鬼武者2,6号機AT,エンターライズ,2023-01-01,26,True,2025-07-18
259,新鬼武者2,6号機AT,エンターライズ,2023-01-01,26,True,2025-07-18
260,新鬼武者2,6号機AT,エンターライズ,2023-01-01,27,True,2025-07-18
261,ゴッドイーター リザレクション,6号機AT,山佐,2023-01-01,27,True,2025-07-18
262,ゴッドイーター リザレクション,6号機AT,山佐,2023-01-01,27,True,2025-07-18
263,ゴッドイーター リザレクション,6号機AT,山佐,2023-01-01,27,True,2025-07-18
264,ゴッドイーター リザレクション,6号機AT,山佐,2023-01-01,27,True,2025-07-18
265,ゴッドイーター リザレクション,6号機AT,山佐,2023-01-01,27,True,2025-07-18
266,ゴッドイーター リザレクション,6号機AT,山佐,2023-01-01,27,True,2025-07-18
267,ゴッドイーター リザレクション,6号機AT,山佐,2023-01-01,27,True,2025-07-18
268,ゴッドイーター リザレクション,6号機AT,山佐,2023-01-01,27,True,2025-07-18
269,ゴッドイーター リザレクション,6号機AT,山佐,2023-01-01,27,True,2025-07-18
270,ゴッドイーター リザレクション,6号機AT,山佐,2023-01-01,28,True,2025-07-18
271,ダンまち2,6号機AT,北電子,2023-01-01,28,True,2025-07-18
272,ダンまち2,6号機AT,北電子,2023-01-01,28,True,2025-07-18
273,ダンまち2,6号機AT,北電子,2023-01-01,28,True,2025-07-18
274,ダンまち2,6号機AT,北電子,2023-01-01,28,True,2025-07-18
275,ダンまち2,6号機AT,北電子,2023-01-01,28,True,2025-07-18
276,ダンまち2,6号機AT,北電子,2023-01-01,28,True,2025-07-18
277,ダンまち2,6号機AT,北電子,2023-01-01,28,True,2025-07-18
278,ダンまち2,6号機AT,北電子,2023-01-01,28,True,2025-07-18
279,ダンまち2,6号機AT,北電子,2023-01-01,28,True,2025-07-18
280,ダンまち2,6号機AT,北電子,2023-01-01,29,True,2025-07-18
281,戦姫絶唱シンフォギア 勇気の歌,6号機AT,SANKYO,2023-01-01,29,True,2025-07-18
282,戦姫絶唱シンフォギア 勇気の歌,6号機AT,SANKYO,2023-01-01,29,True,2025-07-18
283,戦姫絶唱シンフォギア 勇気の歌,6号機AT,SANKYO,2023-01-01,29,True,2025-07-18
284,戦姫絶唱シンフォギア 勇気の歌,6号機AT,SANKYO,2023-01-01,29,True,2025-07-18
285,戦姫絶唱シンフォギア 勇気の歌,6号機AT,SANKYO,2023-01-01,29,True,2025-07-18
286,戦姫絶唱シンフォギア 勇気の歌,6号機AT,SANKYO,2023-01-01,29,True,2025-07-18
287,戦姫絶唱シンフォギア 勇気の歌,6号機AT,SANKYO,2023-01-01,29,True,2025-07-18
288,戦姫絶唱シンフォギア 勇気の歌,6号機AT,SANKYO,2023-01-01,29,True,2025-07-18
289,戦姫絶唱シンフォギア 勇気の歌,6号機AT,SANKYO,2023-01-01,29,True,2025-07-18
290,戦姫絶唱シンフォギア 勇気の歌,6号機AT,SANKYO,2023-01-01,30,True,2025-07-18
291,ディスクアップ2,6号機AT,Sammy,2023-01-01,30,True,2025-07-18
292,ディスクアップ2,6号機AT,Sammy,2023-01-01,30,True,2025-07-18
293,ディスクアップ2,6号機AT,Sammy,2023-01-01,30,True,2025-07-18
294,ディスクアップ2,6号機AT,Sammy,2023-01-01,30,True,2025-07-18
295,ディスクアップ2,6号機AT,Sammy,2023-01-01,30,True,2025-07-18
296,押忍!番長4,6号機AT,大都技研,2023-01-01,30,True,2025-07-18
297,押忍!番長4,6号機AT,大都技研,2023-01-01,30,True,2025-07-18
298,押忍!番長4,6号機AT,大都技研,2023-01-01,30,True,2025-07-18
299,押忍!番長4,6号機AT,大都技研,2023-01-01,30,True,2025-07-18
300,押忍!番長4,6号機AT,大都技研,2023-01-01,31,True,2025-07-18
301,押忍!番長4,6号機AT,大都技研,2023-01-01,31,True,2025-07-18
302,押忍!番長4,6号機AT,大都技研,2023-01-01,31,True,2025-07-18
303,押忍!番長4,6号機AT,大都技研,2023-01-01,31,True,2025-07-18
304,押忍!番長4,6号機AT,大都技研,2023-01-01,31,True,2025-07-18
305,押忍!番長4,6号機AT,大都技研,2023-01-01,31,True,2025-07-18
306,押忍!番長4,6号機AT,大都技研,2023-01-01,31,True,2025-07-18
307,押忍!番長4,6号機AT,大都技研,2023-01-01,31,True,2025-07-18
308,押忍!番長4,6号機AT,大都技研,2023-01-01,31,True,2025-07-18
309,押忍!番長4,6号機AT,大都技研,2023-01-01,31,True,2025-07-18
310,押忍!番長4,6号機AT,大都技研,2023-01-01,32,True,2025-07-18
311,甘い誘惑,6号機AT,平和,2023-01-01,32,True,2025-07-18
312,甘い誘惑,6号機AT,平和,2023-01-01,32,True,2025-07-18
313,甘い誘惑,6号機AT,平和,2023-01-01,32,True,2025-07-18
314,甘い誘惑,6号機AT,平和,2023-01-01,32,True,2025-07-18
315,甘い誘惑,6号機AT,平和,2023-01-01,32,True,2025-07-18
316,甘い誘惑,6号機AT,平和,2023-01-01,32,True,2025-07-18
317,甘い誘惑,6号機AT,平和,2023-01-01,32,True,2025-07-18
318,甘い誘惑,6号機AT,平和,2023-01-01,32,True,2025-07-18
319,甘い誘惑,6号機AT,平和,2023-01-01,32,True,2025-07-18
320,甘い誘惑,6号機AT,平和,2023-01-01,33,True,2025-07-18
321,ハナハナ鳳凰-30,A-Type,パイオニア,2023-01-01,33,True,2025-07-18
322,ハナハナ鳳凰-30,A-Type,パイオニア,2023-01-01,33,True,2025-07-18
323,ハナハナ鳳凰-30,A-Type,パイオニア,2023-01-01,33,True,2025-07-18
324,ハナハナ鳳凰-30,A-Type,パイオニア,2023-01-01,33,True,2025-07-18
325,ハナハナ鳳凰-30,A-Type,パイオニア,2023-01-01,33,True,2025-07-18
326,ハナハナ鳳凰-30,A-Type,パイオニア,2023-01-01,33,True,2025-07-18
327,ハナハナ鳳凰-30,A-Type,パイオニア,2023-01-01,33,True,2025-07-18
328,ハナハナ鳳凰-30,A-Type,パイオニア,2023-01-01,33,True,2025-07-18
329,ハナハナ鳳凰-30,A-Type,パイオニア,2023-01-01,33,True,2025-07-18
330,ハナハナ鳳凰-30,A-Type,パイオニア,2023-01-01,34,True,2025-07-18
331,ドリームハナハナ-30,A-Type,パイオニア,2023-01-01,34,True,2025-07-18
332,ドリームハナハナ-30,A-Type,パイオニア,2023-01-01,34,True,2025-07-18
333,ドリームハナハナ-30,A-Type,パイオニア,2023-01-01,34,True,2025-07-18
334,ドリームハナハナ-30,A-Type,パイオニア,2023-01-01,34,True,2025-07-18
335,ドリームハナハナ-30,A-Type,パイオニア,2023-01-01,34,True,2025-07-18
336,ドリームハナハナ-30,A-Type,パイオニア,2023-01-01,34,True,2025-07-18
337,ドリームハナハナ-30,A-Type,パイオニア,2023-01-01,34,True,2025-07-18
338,ドリームハナハナ-30,A-Type,パイオニア,2023-01-01,34,True,2025-07-18
339,ドリームハナハナ-30,A-Type,パイオニア,2023-01-01,34,True,2025-07-18
340,ドリームハナハナ-30,A-Type,パイオニア,2023-01-01,35,True,2025-07-18
341,ニューキングハナハナ-30,A-Type,パイオニア,2023-01-01,35,True,2025-07-18
342,ニューキングハナハナ-30,A-Type,パイオニア,2023-01-01,35,True,2025-07-18
343,ニューキングハナハナ-30,A-Type,パイオニア,2023-01-01,35,True,2025-07-18
344,ニューキングハナハナ-30,A-Type,パイオニア,2023-01-01,35,True,2025-07-18
345,ニューキングハナハナ-30,A-Type,パイオニア,2023-01-01,35,True,2025-07-18
346,ニューキングハナハナ-30,A-Type,パイオニア,2023-01-01,35,True,2025-07-18
347,ニューキングハナハナ-30,A-Type,パイオニア,2023-01-01,35,True,2025-07-18
348,ニューキングハナハナ-30,A-Type,パイオニア,2023-01-01,35,True,2025-07-18
349,ニューキングハナハナ-30,A-Type,パイオニア,2023-01-01,35,True,2025-07-18
350,ニューキングハナハナ-30,A-Type,パイオニア,2023-01-01,36,True,2025-07-18
351,沖ドキ!GOLD-30,A-Type,ユニバーサル,2024-01-01,36,True,2025-07-18
352,沖ドキ!GOLD-30,A-Type,ユニバーサル,2024-01-01,36,True,2025-07-18
353,沖ドキ!GOLD-30,A-Type,ユニバーサル,2024-01-01,36,True,2025-07-18
354,沖ドキ!GOLD-30,A-Type,ユニバーサル,2024-01-01,36,True,2025-07-18
355,沖ドキ!GOLD-30,A-Type,ユニバーサル,2024-01-01,36,True,2025-07-18
356,沖ドキ!GOLD-30,A-Type,ユニバーサル,2024-01-01,36,True,2025-07-18
357,沖ドキ!GOLD-30,A-Type,ユニバーサル,2024-01-01,36,True,2025-07-18
358,沖ドキ!GOLD-30,A-Type,ユニバーサル,2024-01-01,36,True,2025-07-18
359,沖ドキ!GOLD-30,A-Type,ユニバーサル,2024-01-01,36,True,2025-07-18
360,沖ドキ!GOLD-30,A-Type,ユニバーサル,2024-01-01,37,True,2025-07-18
361,沖ドキ!GOLD-30,A-Type,ユニバーサル,2024-01-01,37,True,2025-07-18
362,沖ドキ!GOLD-30,A-Type,ユニバーサル,2024-01-01,37,True,2025-07-18
363,沖ドキ!GOLD-30,A-Type,ユニバーサル,2024-01-01,37,True,2025-07-18
364,沖ドキ!GOLD-30,A-Type,ユニバーサル,2024-01-01,37,True,2025-07-18
365,沖ドキ!GOLD-30,A-Type,ユニバーサル,2024-01-01,37,True,2025-07-18
366,沖ドキ!DUO-30,A-Type,ユニバーサル,2023-01-01,37,True,2025-07-18
367,沖ドキ!DUO-30,A-Type,ユニバーサル,2023-01-01,37,True,2025-07-18
368,沖ドキ!DUO-30,A-Type,ユニバーサル,2023-01-01,37,True,2025-07-18
369,沖ドキ!DUO-30,A-Type,ユニバーサル,2023-01-01,37,True,2025-07-18
370,沖ドキ!DUO-30,A-Type,ユニバーサル,2023-01-01,38,True,2025-07-18
371,沖ドキ!DUO-30,A-Type,ユニバーサル,2023-01-01,38,True,2025-07-18
372,沖ドキ!DUO-30,A-Type,ユニバーサル,2023-01-01,38,True,2025-07-18
373,沖ドキ!DUO-30,A-Type,ユニバーサル,2023-01-01,38,True,2025-07-18
374,沖ドキ!DUO-30,A-Type,ユニバーサル,2023-01-01,38,True,2025-07-18
375,沖ドキ!DUO-30,A-Type,ユニバーサル,2023-01-01,38,True,2025-07-18
376,沖ドキ!BLACK,A-Type,ユニバーサル,2024-01-01,38,True,2025-07-18
377,沖ドキ!BLACK,A-Type,ユニバーサル,2024-01-01,38,True,2025-07-18
378,沖ドキ!BLACK,A-Type,ユニバーサル,2024-01-01,38,True,2025-07-18
379,沖ドキ!BLACK,A-Type,ユニバーサル,2024-01-01,38,True,2025-07-18
380,沖ドキ!BLACK,A-Type,ユニバーサル,2024-01-01,39,True,2025-07-18
381,沖ドキ!BLACK,A-Type,ユニバーサル,2024-01-01,39,True,2025-07-18
382,沖ドキ!BLACK,A-Type,ユニバーサル,2024-01-01,39,True,2025-07-18
383,沖ドキ!BLACK,A-Type,ユニバーサル,2024-01-01,39,True,2025-07-18
384,沖ドキ!BLACK,A-Type,ユニバーサル,2024-01-01,39,True,2025-07-18
385,沖ドキ!BLACK,A-Type,ユニバーサル,2024-01-01,39,True,2025-07-18
386,バーサスリヴァイズ,6号機,大都技研,2023-01-01,39,True,2025-07-18
387,バーサスリヴァイズ,6号機,大都技研,2023-01-01,39,True,2025-07-18
388,バーサスリヴァイズ,6号機,大都技研,2023-01-01,39,True,2025-07-18
389,バーサスリヴァイズ,6号機,大都技研,2023-01-01,39,True,2025-07-18
390,バーサスリヴァイズ,6号機,大都技研,2023-01-01,40,True,2025-07-18
391,クランキーコレクション,6号機,アクロス,2023-01-01,40,True,2025-07-18
392,クランキーコレクション,6号機,アクロス,2023-01-01,40,True,2025-07-18
393,クランキーコレクション,6号機,アクロス,2023-01-01,40,True,2025-07-18
394,クランキーコレクション,6号機,アクロス,2023-01-01,40,True,2025-07-18
395,クランキーコレクション,6号機,アクロス,2023-01-01,40,True,2025-07-18
396,ニューパルサーSPIII,6号機,山佐,2023-01-01,40,True,2025-07-18
397,ニューパルサーSPIII,6号機,山佐,2023-01-01,40,True,2025-07-18
398,ニューパルサーSPIII,6号機,山佐,2023-01-01,40,True,2025-07-18
399,ニューパルサーSPIII,6号機,山佐,2023-01-01,40,True,2025-07-18
400,ニューパルサーSPIII,6号機,山佐,2023-01-01,41,True,2025-07-18
401,ニューパルサーSPIII,6号機,山佐,2023-01-01,41,True,2025-07-18
402,ニューパルサーSPIII,6号機,山佐,2023-01-01,41,True,2025-07-18
403,ニューパルサーSPIII,6号機,山佐,2023-01-01,41,True,2025-07-18
404,ニューパルサーSPIII,6号機,山佐,2023-01-01,41,True,2025-07-18
405,ニューパルサーSPIII,6号機,山佐,2023-01-01,41,True,2025-07-18
406,ニューパルサーDX3,6号機,山佐,2023-01-01,41,True,2025-07-18
407,ニューパルサーDX3,6号機,山佐,2023-01-01,41,True,2025-07-18
408,ニューパルサーDX3,6号機,山佐,2023-01-01,41,True,2025-07-18
409,ニューパルサーDX3,6号機,山佐,2023-01-01,41,True,2025-07-18
410,ニューパルサーDX3,6号機,山佐,2023-01-01,42,True,2025-07-18
411,ニューパルサーDX3,6号機,山佐,2023-01-01,42,True,2025-07-18
412,ニューパルサーDX3,6号機,山佐,2023-01-01,42,True,2025-07-18
413,ニューパルサーDX3,6号機,山佐,2023-01-01,42,True,2025-07-18
414,ニューパルサーDX3,6号機,山佐,2023-01-01,42,True,2025-07-18
415,ニューパルサーDX3,6号機,山佐,2023-01-01,42,True,2025-07-18
416,サンダーVリベンジ,6号機,ユニバーサル,2023-01-01,42,True,2025-07-18
417,サンダーVリベンジ,6号機,ユニバーサル,2023-01-01,42,True,2025-07-18
418,サンダーVリベンジ,6号機,ユニバーサル,2023-01-01,42,True,2025-07-18
419,サンダーVリベンジ,6号機,ユニバーサル,2023-01-01,42,True,2025-07-18
420,サンダーVリベンジ,6号機,ユニバーサル,2023-01-01,43,True,2025-07-18
421,サンダーVリベンジ,6号機,ユニバーサル,2023-01-01,43,True,2025-07-18
422,サンダーVリベンジ,6号機,ユニバーサル,2023-01-01,43,True,2025-07-18
423,サンダーVリベンジ,6号機,ユニバーサル,2023-01-01,43,True,2025-07-18
424,サンダーVリベンジ,6号機,ユニバーサル,2023-01-01,43,True,2025-07-18
425,サンダーVリベンジ,6号機,ユニバーサル,2023-01-01,43,True,2025-07-18
426,Lパチスロ ガールズ&パンツァー 最終章,スマスロ,平和,2024-01-01,43,True,2025-07-18
427,Lパチスロ ガールズ&パンツァー 最終章,スマスロ,平和,2024-01-01,43,True,2025-07-18
428,Lパチスロ ガールズ&パンツァー 最終章,スマスロ,平和,2024-01-01,43,True,2025-07-18
429,Lパチスロ ガールズ&パンツァー 最終章,スマスロ,平和,2024-01-01,43,True,2025-07-18
430,Lパチスロ ガールズ&パンツァー 最終章,スマスロ,平和,2024-01-01,44,True,2025-07-18
431,Lパチスロ ガールズ&パンツァー 最終章,スマスロ,平和,2024-01-01,44,True,2025-07-18
432,Lパチスロ ガールズ&パンツァー 最終章,スマスロ,平和,2024-01-01,44,True,2025-07-18
433,Lパチスロ ガールズ&パンツァー 最終章,スマスロ,平和,2024-01-01,44,True,2025-07-18
434,Lパチスロ ガールズ&パンツァー 最終章,スマスロ,平和,2024-01-01,44,True,2025-07-18
435,Lパチスロ ガールズ&パンツァー 最終章,スマスロ,平和,2024-01-01,44,True,2025-07-18
436,L聖闘士星矢 海皇覚醒 CUSTOM EDITION,スマスロ,三洋,2024-01-01,44,True,2025-07-18
437,L聖闘士星矢 海皇覚醒 CUSTOM EDITION,スマスロ,三洋,2024-01-01,44,True,2025-07-18
438,L聖闘士星矢 海皇覚醒 CUSTOM EDITION,スマスロ,三洋,2024-01-01,44,True,2025-07-18
439,L聖闘士星矢 海皇覚醒 CUSTOM EDITION,スマスロ,三洋,2024-01-01,44,True,2025-07-18
440,L聖闘士星矢 海皇覚醒 CUSTOM EDITION,スマスロ,三洋,2024-01-01,45,True,2025-07-18
441,L聖闘士星矢 海皇覚醒 CUSTOM EDITION,スマスロ,三洋,2024-01-01,45,True,2025-07-18
442,L聖闘士星矢 海皇覚醒 CUSTOM EDITION,スマスロ,三洋,2024-01-01,45,True,2025-07-18
443,L聖闘士星矢 海皇覚醒 CUSTOM EDITION,スマスロ,三洋,2024-01-01,45,True,2025-07-18
444,L聖闘士星矢 海皇覚醒 CUSTOM EDITION,スマスロ,三洋,2024-01-01,45,True,2025-07-18
445,L聖闘士星矢 海皇覚醒 CUSTOM EDITION,スマスロ,三洋,2024-01-01,45,True,2025-07-18
446,Lマクロスフロンティア4,スマスロ,SANKYO,2024-01-01,45,True,2025-07-18
447,Lマクロスフロンティア4,スマスロ,SANKYO,2024-01-01,45,True,2025-07-18
448,Lマクロスフロンティア4,スマスロ,SANKYO,2024-01-01,45,True,2025-07-18
449,Lマクロスフロンティア4,スマスロ,SANKYO,2024-01-01,45,True,2025-07-18
450,Lマクロスフロンティア4,スマスロ,SANKYO,2024-01-01,46,True,2025-07-18
451,Lマクロスフロンティア4,スマスロ,SANKYO,2024-01-01,46,True,2025-07-18
452,Lマクロスフロンティア4,スマスロ,SANKYO,2024-01-01,46,True,2025-07-18
453,Lマクロスフロンティア4,スマスロ,SANKYO,2024-01-01,46,True,2025-07-18
454,Lマクロスフロンティア4,スマスロ,SANKYO,2024-01-01,46,True,2025-07-18
455,Lマクロスフロンティア4,スマスロ,SANKYO,2024-01-01,46,True,2025-07-18
456,Lゴブリンスレイヤー,スマスロ,藤商事,2024-01-01,46,True,2025-07-18
457,Lゴブリンスレイヤー,スマスロ,藤商事,2024-01-01,46,True,2025-07-18
458,Lゴブリンスレイヤー,スマスロ,藤商事,2024-01-01,46,True,2025-07-18
459,Lゴブリンスレイヤー,スマスロ,藤商事,2024-01-01,46,True,2025-07-18
460,Lゴブリンスレイヤー,スマスロ,藤商事,2024-01-01,47,True,2025-07-18
461,Lゴブリンスレイヤー,スマスロ,藤商事,2024-01-01,47,True,2025-07-18
462,Lゴブリンスレイヤー,スマスロ,藤商事,2024-01-01,47,True,2025-07-18
463,Lゴブリンスレイヤー,スマスロ,藤商事,2024-01-01,47,True,2025-07-18
464,Lゴブリンスレイヤー,スマスロ,藤商事,2024-01-01,47,True,2025-07-18
465,Lゴブリンスレイヤー,スマスロ,藤商事,2024-01-01,47,True,2025-07-18
466,L真・一騎当千,スマスロ,大都技研,2024-01-01,47,True,2025-07-18
467,L真・一騎当千,スマスロ,大都技研,2024-01-01,47,True,2025-07-18
468,L真・一騎当千,スマスロ,大都技研,2024-01-01,47,True,2025-07-18
469,L真・一騎当千,スマスロ,大都技研,2024-01-01,47,True,2025-07-18
470,L真・一騎当千,スマスロ,大都技研,2024-01-01,48,True,2025-07-18
471,L真・一騎当千,スマスロ,大都技研,2024-01-01,48,True,2025-07-18
472,L真・一騎当千,スマスロ,大都技研,2024-01-01,48,True,2025-07-18
473,L真・一騎当千,スマスロ,大都技研,2024-01-01,48,True,2025-07-18
474,L真・一騎当千,スマスロ,大都技研,2024-01-01,48,True,2025-07-18
475,L真・一騎当千,スマスロ,大都技研,2024-01-01,48,True,2025-07-18
476,甘い誘惑 ボーナス,甘デジ,平和,2023-01-01,48,True,2025-07-18
477,甘い誘惑 ボーナス,甘デジ,平和,2023-01-01,48,True,2025-07-18
478,甘い誘惑 ボーナス,甘デジ,平和,2023-01-01,48,True,2025-07-18
479,甘い誘惑 ボーナス,甘デジ,平和,2023-01-01,48,True,2025-07-18
480,甘い誘惑 ボーナス,甘デジ,平和,2023-01-01,49,True,2025-07-18
481,甘い誘惑 ボーナス,甘デジ,平和,2023-01-01,49,True,2025-07-18
482,甘い誘惑 ボーナス,甘デジ,平和,2023-01-01,49,True,2025-07-18
483,甘い誘惑 ボーナス,甘デジ,平和,2023-01-01,49,True,2025-07-18
484,甘い誘惑 ボーナス,甘デジ,平和,2023-01-01,49,True,2025-07-18
485,甘い誘惑 ボーナス,甘デジ,平和,2023-01-01,49,True,2025-07-18
486,マイフラワー30,甘デジ,ベルコ,2023-01-01,49,True,2025-07-18
487,マイフラワー30,甘デジ,ベルコ,2023-01-01,49,True,2025-07-18
488,マイフラワー30,甘デジ,ベルコ,2023-01-01,49,True,2025-07-18
489,マイフラワー30,甘デジ,ベルコ,2023-01-01,49,True,2025-07-18
490,マイフラワー30,甘デジ,ベルコ,2023-01-01,50,True,2025-07-18
491,マイフラワー30,甘デジ,ベルコ,2023-01-01,50,True,2025-07-18
492,マイフラワー30,甘デジ,ベルコ,2023-01-01,50,True,2025-07-18
493,マイフラワー30,甘デジ,ベルコ,2023-01-01,50,True,2025-07-18
494,マイフラワー30,甘デジ,ベルコ,2023-01-01,50,True,2025-07-18
495,マイフラワー30,甘デジ,ベルコ,2023-01-01,50,True,2025-07-18
496,アクエリオン ALL STARS 甘い,甘デジ,SANKYO,2024-01-01,50,True,2025-07-18
497,アクエリオン ALL STARS 甘い,甘デジ,SANKYO,2024-01-01,50,True,2025-07-18
498,アクエリオン ALL STARS 甘い,甘デジ,SANKYO,2024-01-01,50,True,2025-07-18
499,アクエリオン ALL STARS 甘い,甘デジ,SANKYO,2024-01-01,50,True,2025-07-18
500,アクエリオン ALL STARS 甘い,甘デジ,SANKYO,2024-01-01,51,True,2025-07-18
501,アクエリオン ALL STARS 甘い,甘デジ,SANKYO,2024-01-01,51,True,2025-07-18
502,アクエリオン ALL STARS 甘い,甘デジ,SANKYO,2024-01-01,51,True,2025-07-18
503,アクエリオン ALL STARS 甘い,甘デジ,SANKYO,2024-01-01,51,True,2025-07-18
504,アクエリオン ALL STARS 甘い,甘デジ,SANKYO,2024-01-01,51,True,2025-07-18
505,アクエリオン ALL STARS 甘い,甘デジ,SANKYO,2024-01-01,51,True,2025-07-18
506,e Re:ゼロから始める異世界生活 season2,6号機AT,大都技研,2023-01-01,51,True,2025-07-18
507,e Re:ゼロから始める異世界生活 season2,6号機AT,大都技研,2023-01-01,51,True,2025-07-18
508,e Re:ゼロから始める異世界生活 season2,6号機AT,大都技研,2023-01-01,51,True,2025-07-18
509,e Re:ゼロから始める異世界生活 season2,6号機AT,大都技研,2023-01-01,51,True,2025-07-18
510,e Re:ゼロから始める異世界生活 season2,6号機AT,大都技研,2023-01-01,52,True,2025-07-18
511,e Re:ゼロから始める異世界生活 season2,6号機AT,大都技研,2023-01-01,52,True,2025-07-18
512,e Re:ゼロから始める異世界生活 season2,6号機AT,大都技研,2023-01-01,52,True,2025-07-18
513,e Re:ゼロから始める異世界生活 season2,6号機AT,大都技研,2023-01-01,52,True,2025-07-18
514,e Re:ゼロから始める異世界生活 season2,6号機AT,大都技研,2023-01-01,52,True,2025-07-18
515,e Re:ゼロから始める異世界生活 season2,6号機AT,大都技研,2023-01-01,52,True,2025-07-18
516,麻雀格闘倶楽部 覚醒,6号機,KPE,2023-01-01,52,True,2025-07-18
517,麻雀格闘倶楽部 覚醒,6号機,KPE,2023-01-01,52,True,2025-07-18
518,麻雀格闘倶楽部 覚醒,6号機,KPE,2023-01-01,52,True,2025-07-18
519,麻雀格闘倶楽部 覚醒,6号機,KPE,2023-01-01,52,True,2025-07-18
520,麻雀格闘倶楽部 覚醒,6号機,KPE,2023-01-01,53,True,2025-07-18
521,パチスロ頭文字D,6号機AT,サミー,2023-01-01,53,True,2025-07-18
522,パチスロ頭文字D,6号機AT,サミー,2023-01-01,53,True,2025-07-18
523,パチスロ頭文字D,6号機AT,サミー,2023-01-01,53,True,2025-07-18
524,パチスロ頭文字D,6号機AT,サミー,2023-01-01,53,True,2025-07-18
525,パチスロ頭文字D,6号機AT,サミー,2023-01-01,53,True,2025-07-18
526,パチスロ頭文字D,6号機AT,サミー,2023-01-01,53,True,2025-07-18
527,パチスロ頭文字D,6号機AT,サミー,2023-01-01,53,True,2025-07-18
528,パチスロ頭文字D,6号機AT,サミー,2023-01-01,53,True,2025-07-18
529,パチスロ頭文字D,6号機AT,サミー,2023-01-01,53,True,2025-07-18
530,パチスロ頭文字D,6号機AT,サミー,2023-01-01,54,True,2025-07-18
531,予備台531,予備,未定,2025-01-01,99,False,2025-07-18
532,予備台532,予備,未定,2025-01-01,99,False,2025-07-18
533,予備台533,予備,未定,2025-01-01,99,False,2025-07-18
534,予備台534,予備,未定,2025-01-01,99,False,2025-07-18
535,予備台535,予備,未定,2025-01-01,99,False,2025-07-18
536,予備台536,予備,未定,2025-01-01,99,False,2025-07-18
537,予備台537,予備,未定,2025-01-01,99,False,2025-07-18
538,予備台538,予備,未定,2025-01-01,99,False,2025-07-18
539,予備台539,予備,未定,2025-01-01,99,False,2025-07-18
540,予備台540,予備,未定,2025-01-01,99,False,2025-07-18
541,予備台541,予備,未定,2025-01-01,99,False,2025-07-18
542,予備台542,予備,未定,2025-01-01,99,False,2025-07-18
543,予備台543,予備,未定,2025-01-01,99,False,2025-07-18
544,予備台544,予備,未定,2025-01-01,99,False,2025-07-18
545,予備台545,予備,未定,2025-01-01,99,False,2025-07-18
546,予備台546,予備,未定,2025-01-01,99,False,2025-07-18
547,予備台547,予備,未定,2025-01-01,99,False,2025-07-18
548,予備台548,予備,未定,2025-01-01,99,False,2025-07-18
549,予備台549,予備,未定,2025-01-01,99,False,2025-07-18
550,予備台550,予備,未定,2025-01-01,99,False,2025-07-18
551,予備台551,予備,未定,2025-01-01,99,False,2025-07-18
552,予備台552,予備,未定,2025-01-01,99,False,2025-07-18
553,予備台553,予備,未定,2025-01-01,99,False,2025-07-18
554,予備台554,予備,未定,2025-01-01,99,False,2025-07-18
555,予備台555,予備,未定,2025-01-01,99,False,2025-07-18
556,予備台556,予備,未定,2025-01-01,99,False,2025-07-18
557,予備台557,予備,未定,2025-01-01,99,False,2025-07-18
558,予備台558,予備,未定,2025-01-01,99,False,2025-07-18
559,予備台559,予備,未定,2025-01-01,99,False,2025-07-18
560,予備台560,予備,未定,2025-01-01,99,False,2025-07-18
561,予備台561,予備,未定,2025-01-01,99,False,2025-07-18
562,予備台562,予備,未定,2025-01-01,99,False,2025-07-18
563,予備台563,予備,未定,2025-01-01,99,False,2025-07-18
564,予備台564,予備,未定,2025-01-01,99,False,2025-07-18
565,予備台565,予備,未定,2025-01-01,99,False,2025-07-18
566,予備台566,予備,未定,2025-01-01,99,False,2025-07-18
567,予備台567,予備,未定,2025-01-01,99,False,2025-07-18
568,予備台568,予備,未定,2025-01-01,99,False,2025-07-18
569,予備台569,予備,未定,2025-01-01,99,False,2025-07-18
570,予備台570,予備,未定,2025-01-01,99,False,2025-07-18
571,予備台571,予備,未定,2025-01-01,99,False,2025-07-18
572,予備台572,予備,未定,2025-01-01,99,False,2025-07-18
573,予備台573,予備,未定,2025-01-01,99,False,2025-07-18
574,予備台574,予備,未定,2025-01-01,99,False,2025-07-18
575,予備台575,予備,未定,2025-01-01,99,False,2025-07-18
576,予備台576,予備,未定,2025-01-01,99,False,2025-07-18
577,予備台577,予備,未定,2025-01-01,99,False,2025-07-18
578,予備台578,予備,未定,2025-01-01,99,False,2025-07-18
579,予備台579,予備,未定,2025-01-01,99,False,2025-07-18
580,予備台580,予備,未定,2025-01-01,99,False,2025-07-18
581,予備台581,予備,未定,2025-01-01,99,False,2025-07-18
582,予備台582,予備,未定,2025-01-01,99,False,2025-07-18
583,予備台583,予備,未定,2025-01-01,99,False,2025-07-18
584,予備台584,予備,未定,2025-01-01,99,False,2025-07-18
585,予備台585,予備,未定,2025-01-01,99,False,2025-07-18
586,予備台586,予備,未定,2025-01-01,99,False,2025-07-18
587,予備台587,予備,未定,2025-01-01,99,False,2025-07-18
588,予備台588,予備,未定,2025-01-01,99,False,2025-07-18
589,予備台589,予備,未定,2025-01-01,99,False,2025-07-18
590,予備台590,予備,未定,2025-01-01,99,False,2025-07-18
591,予備台591,予備,未定,2025-01-01,99,False,2025-07-18
592,予備台592,予備,未定,2025-01-01,99,False,2025-07-18
593,予備台593,予備,未定,2025-01-01,99,False,2025-07-18
594,予備台594,予備,未定,2025-01-01,99,False,2025-07-18
595,予備台595,予備,未定,2025-01-01,99,False,2025-07-18
596,予備台596,予備,未定,2025-01-01,99,False,2025-07-18
597,予備台597,予備,未定,2025-01-01,99,False,2025-07-18
598,予備台598,予備,未定,2025-01-01,99,False,2025-07-18
599,予備台599,予備,未定,2025-01-01,99,False,2025-07-18
600,予備台600,予備,未定,2025-01-01,99,False,2025-07-18
601,予備台601,予備,未定,2025-01-01,99,False,2025-07-18
602,予備台602,予備,未定,2025-01-01,99,False,2025-07-18
603,予備台603,予備,未定,2025-01-01,99,False,2025-07-18
604,予備台604,予備,未定,2025-01-01,99,False,2025-07-18
605,予備台605,予備,未定,2025-01-01,99,False,2025-07-18
606,予備台606,予備,未定,2025-01-01,99,False,2025-07-18
607,予備台607,予備,未定,2025-01-01,99,False,2025-07-18
608,予備台608,予備,未定,2025-01-01,99,False,2025-07-18
609,予備台609,予備,未定,2025-01-01,99,False,2025-07-18
610,予備台610,予備,未定,2025-01-01,99,False,2025-07-18
611,予備台611,予備,未定,2025-01-01,99,False,2025-07-18
612,予備台612,予備,未定,2025-01-01,99,False,2025-07-18
613,予備台613,予備,未定,2025-01-01,99,False,2025-07-18
614,予備台614,予備,未定,2025-01-01,99,False,2025-07-18
615,予備台615,予備,未定,2025-01-01,99,False,2025-07-18
616,予備台616,予備,未定,2025-01-01,99,False,2025-07-18
617,予備台617,予備,未定,2025-01-01,99,False,2025-07-18
618,予備台618,予備,未定,2025-01-01,99,False,2025-07-18
619,予備台619,予備,未定,2025-01-01,99,False,2025-07-18
620,予備台620,予備,未定,2025-01-01,99,False,2025-07-18
621,予備台621,予備,未定,2025-01-01,99,False,2025-07-18
622,予備台622,予備,未定,2025-01-01,99,False,2025-07-18
623,予備台623,予備,未定,2025-01-01,99,False,2025-07-18
624,予備台624,予備,未定,2025-01-01,99,False,2025-07-18
625,予備台625,予備,未定,2025-01-01,99,False,2025-07-18
626,予備台626,予備,未定,2025-01-01,99,False,2025-07-18
627,予備台627,予備,未定,2025-01-01,99,False,2025-07-18
628,予備台628,予備,未定,2025-01-01,99,False,2025-07-18
629,予備台629,予備,未定,2025-01-01,99,False,2025-07-18
630,予備台630,予備,未定,2025-01-01,99,False,2025-07-18
631,予備台631,予備,未定,2025-01-01,99,False,2025-07-18
632,予備台632,予備,未定,2025-01-01,99,False,2025-07-18
633,予備台633,予備,未定,2025-01-01,99,False,2025-07-18
634,予備台634,予備,未定,2025-01-01,99,False,2025-07-18
635,予備台635,予備,未定,2025-01-01,99,False,2025-07-18
636,予備台636,予備,未定,2025-01-01,99,False,2025-07-18
637,予備台637,予備,未定,2025-01-01,99,False,2025-07-18
638,予備台638,予備,未定,2025-01-01,99,False,2025-07-18
639,予備台639,予備,未定,2025-01-01,99,False,2025-07-18
640,予備台640,予備,未定,2025-01-01,99,False,2025-07-18
